Date,CPI,Real_10Y_Yield
1902-01-01,2.4692266114072714,0.04140096360993402
1902-02-01,3.7500292539980773,0.04486367443156896
1902-03-01,3.7500292539980773,0.04465454135540158
1902-04-01,6.329130288717333,0.04487341176059736
1902-05-01,7.5949994489525,0.042564838890937276
1902-06-01,8.860653110033212,0.042338885271958754
1902-07-01,7.499845715816322,0.041421447220714946
1902-08-01,4.938348146680882,0.04410164872503851
1902-09-01,4.877914599073474,0.04644798420196082
1902-10-01,12.195461233539406,0.04594373564682626
1902-11-01,7.228457246484088,0.038962369147356166
1902-12-01,7.142712377290961,0.04339265417047882
1903-01-01,9.638592525620403,0.04431724671829986
1903-02-01,9.638592525620403,0.04238897906494926
1903-03-01,6.024415187085119,0.042212322616817566
1903-04-01,4.76228116071824,0.04578889185635976
1903-05-01,1.1763127167273346,0.04484734136715879
1903-06-01,0.0,0.047407806693567985
1903-07-01,0.0,0.04826538709210147
1903-08-01,1.1763127167273346,0.04765278238098895
1903-09-01,1.1630323934488151,0.04528729325558259
1903-10-01,-6.522141407515725,0.045157622968754696
1903-11-01,-4.493988699309515,0.05190443168912053
1903-12-01,-5.5553874108577705,0.04867423561536285
1904-01-01,-4.395573554063336,0.04813570431978134
1904-02-01,-2.198254486505846,0.045710244506986346
1904-03-01,0.0,0.04343245632366151
1904-04-01,-1.1365944697188324,0.04145282110891789
1904-05-01,-1.1626364760107033,0.04367862915370019
1904-06-01,-1.1626364760107033,0.04321971566127525
1904-07-01,-1.1626364760107033,0.042617993713148845
1904-08-01,0.0,0.042141087047639726
1904-09-01,0.0,0.041556260606947344
1904-10-01,1.1630323934488151,0.04163406750605581
1904-11-01,4.705451141876993,0.04150762658703247
1904-12-01,4.705451141876993,0.03915919077677095
1905-01-01,2.298344490147697,0.039707633172534916
1905-02-01,0.0,0.04168611615693823
1905-03-01,0.0,0.04316381953681573
1905-04-01,1.149661458274065,0.0424702986880151
1905-05-01,2.3530260081199295,0.04093920426848074
1905-06-01,2.3530260081199295,0.039763206144725186
1905-07-01,2.3530260081199295,0.039717645138161
1905-08-01,2.326064786897608,0.03998702250375253
1905-09-01,0.0,0.04001199101201445
1905-10-01,0.0,0.041710818080434565
1905-11-01,-1.1228754850321598,0.04095074724096545
1905-12-01,0.0,0.041535472649199004
1906-01-01,0.0,0.04070863150540953
1906-02-01,0.0,0.041577651485673155
1906-03-01,1.13562716405875,0.04097773940424624
1906-04-01,1.13562716405875,0.039259485583854246
1906-05-01,3.448005948421762,0.04029162296621412
1906-06-01,3.448005948421762,0.039411650345958824
1906-07-01,0.0,0.038928355840544715
1906-08-01,1.13562716405875,0.042091672364269125
1906-09-01,3.448005948421762,0.039787552905462036
1906-10-01,5.747328864969936,0.03771960886135316
1906-11-01,5.6810377372740195,0.036206215314156784
1906-12-01,5.618203201248728,0.03683226367459109
1907-01-01,4.494371272194586,0.0368884384349823
1907-02-01,6.74203513030287,0.037174040871526315
1907-03-01,5.618203201248728,0.035761244519689844
1907-04-01,5.618203201248728,0.03685633338910118
1907-05-01,6.66710805306725,0.03601859046298877
1907-06-01,7.777504536074997,0.03469950539571117
1907-07-01,11.493679303539395,0.03474137888438979
1907-08-01,8.988742544389172,0.03221136314696757
1907-09-01,7.777504536074997,0.03532464317625675
1907-10-01,6.5212161582342665,0.03594866945344372
1907-11-01,1.075495182536379,0.036327488469298404
1907-12-01,-2.12719715540447,0.03966532366847964
1908-01-01,-2.1500750583339223,0.04026872806231277
1908-02-01,-5.263346529219204,0.039522597448482744
1908-03-01,-4.255299878214036,0.04106859371034516
1908-04-01,-3.191248516809253,0.039543611131042794
1908-05-01,-5.208508831947089,0.037718903706782235
1908-06-01,-6.185114653961044,0.038706597912367635
1908-07-01,-5.15396969089622,0.03851865260552793
1908-08-01,-5.15396969089622,0.03622345890360029
1908-09-01,-5.15396969089622,0.03484047213493734
1908-10-01,-5.102235805597044,0.03499375262053491
1908-11-01,0.0,0.03575276403232272
1908-12-01,3.260608079117122,0.033287704446889534
1909-01-01,3.296446310810408,0.03304998706818934
1909-02-01,5.555765732048523,0.03422016194723388
1909-03-01,5.555765732048523,0.032914977116605904
1909-04-01,6.592892621620816,0.03462214069384204
1909-05-01,7.692019864873756,0.03416076413190281
1909-06-01,8.791147119676346,0.03354649484498726
1909-07-01,7.608393945791203,0.03325856954416313
1909-08-01,8.695571721924079,0.035115654701753464
1909-09-01,9.781824237351389,0.035358304917736165
1909-10-01,10.753121223187545,0.03471142088118201
1909-11-01,10.638702490418716,0.03344724714877956
1909-12-01,10.526693080565153,0.03330262986198597
1910-01-01,10.638702490418716,0.033669725119847234
1910-02-01,9.473844557027512,0.03315407571843566
1910-03-01,11.578645593077397,0.034864863474692476
1910-04-01,10.309694571232143,0.03260115797769644
1910-05-01,7.143477591537573,0.03537170301493368
1910-06-01,5.050687434402912,0.03822393614054171
1910-07-01,5.050687434402912,0.04012073846733864
1910-08-01,2.9997616530862414,0.03991373659263786
1910-09-01,0.9903076352661522,0.041544908137702966
1910-10-01,-3.8834710714285903,0.04304518418609738
1910-11-01,-6.7313280126856,0.04563308146612135
1910-12-01,-7.619781117154966,0.04616261901431395
1911-01-01,-6.7313280126856,0.045531553034132345
1911-02-01,-9.615715162006733,0.043913264682065
1911-03-01,-10.377116097379623,0.04480983688334807
1911-04-01,-14.018409100156415,0.04430238452222883
1911-05-01,-12.381029598760385,0.0456356183825172
1911-06-01,-11.538367098013202,0.04375868896089823
1911-07-01,-10.577450375321362,0.04262196078198805
1911-08-01,-6.795867765306129,0.04117736158468552
1911-09-01,-4.9021489717981925,0.03879312540808073
1911-10-01,-2.0206189163878507,0.03718830740493408
1911-11-01,-1.0302673900155823,0.035734442363917984
1911-12-01,-2.0614123639157045,0.03592908042676706
1912-01-01,-1.0302673900155823,0.03688193268241273
1912-02-01,3.1912485168092752,0.03703694076377995
1912-03-01,4.210498027808307,0.03553815898535585
1912-04-01,10.869002024908347,0.036341166058138336
1912-05-01,10.869002024908347,0.03385480734952835
1912-06-01,9.781824237351389,0.03598129177975024
1912-07-01,8.602130846813406,0.037791173918562335
1912-08-01,6.249501227142917,0.03959926328113414
1912-09-01,6.185992227010284,0.04131088048590917
1912-10-01,6.185992227010284,0.04192045110977905
1912-11-01,7.291380330856678,0.04268154322064027
1912-12-01,7.368147532078995,0.04249372160841562
1913-01-01,7.291380330856678,0.0437960252959674
1913-02-01,6.185992227010284,0.04376088413804385
1913-03-01,4.040377981517174,0.043699395506296534
1913-04-01,0.9805967008601923,0.044277670802543155
1913-05-01,-0.04981755118942388,0.04462680031833578
1913-06-01,1.9806152601261395,0.04363229041226265
1913-07-01,3.021233783188637,0.04166202502571109
1913-08-01,2.0110109529097864,0.04052214454621469
1913-09-01,2.0408163265306145,0.040586005305690294
1913-10-01,2.0408163265306145,0.03978412318159117
1913-11-01,3.0612244897959107,0.0387916168509672
1913-12-01,3.0414252049593804,0.03707512293130605
1914-01-01,2.0408163265306145,0.035932361813839166
1914-02-01,1.0204081632652962,0.03602498368940329
1914-03-01,1.0204081632652962,0.036417912719159146
1914-04-01,0.0,0.03580190391093031
1914-05-01,2.0618556701031077,0.03643278778028263
1914-06-01,1.0204081632652962,0.035000211713252245
1914-07-01,1.0101010101010166,0.035167209078419394
1914-08-01,3.0303030303030276,0.035251764631033494
1914-09-01,2.0000000000000018,0.03409645750542531
1914-10-01,1.0000000000000009,0.03442021711617662
1914-11-01,0.990099009900991,0.034680054781491304
1914-12-01,1.0000000000000009,0.034763341178307795
1915-01-01,1.0000000000000009,0.03477259329669123
1915-02-01,1.0101010101010166,0.034076888943621195
1915-03-01,0.0,0.03364555046426113
1915-04-01,2.0408163265306145,0.03380136689878254
1915-05-01,2.020202020202011,0.032285248979164356
1915-06-01,2.020202020202011,0.032021309663927244
1915-07-01,1.0000000000000009,0.03169832889882751
1915-08-01,-0.9803921568627416,0.03174584563324742
1915-09-01,-0.9803921568627416,0.032132526412021314
1915-10-01,0.990099009900991,0.031705503278506623
1915-11-01,0.9803921568627638,0.030481729437053545
1915-12-01,1.980198019801982,0.030073699555384664
1916-01-01,2.970297029702973,0.029439072279347177
1916-02-01,4.0000000000000036,0.029830764741742705
1916-03-01,6.060606060606055,0.029592860465015525
1916-04-01,6.000000000000005,0.029087479773523425
1916-05-01,5.940594059405946,0.029395363978363325
1916-06-01,6.930693069306937,0.029877235556646217
1916-07-01,6.930693069306937,0.029793445761679815
1916-08-01,7.920792079207928,0.02987664641019941
1916-09-01,9.90099009900991,0.029942193537958454
1916-10-01,10.784313725490202,0.029432882913838335
1916-11-01,11.650485436893199,0.029683158430594374
1916-12-01,12.621359223300965,0.030055234542465958
1917-01-01,12.5,0.03017467948236588
1917-02-01,15.384615384615374,0.03047237442175102
1917-03-01,14.28571428571428,0.02918151086138244
1917-04-01,18.867924528301884,0.030473665465433456
1917-05-01,19.62616822429908,0.028150662771125483
1917-06-01,20.370370370370374,0.028469863302130437
1917-07-01,18.518518518518512,0.028701581006533437
1917-08-01,19.266055045871553,0.030755783978549757
1917-09-01,19.81981981981984,0.030147578686186997
1917-10-01,19.469026548672552,0.030053344020021366
1917-11-01,17.391304347826097,0.030798226853554836
1917-12-01,18.10344827586208,0.03221116120871225
1918-01-01,19.658119658119656,0.03116462355033036
1918-02-01,17.500000000000004,0.028919479720064305
1918-03-01,16.666666666666675,0.030166318236233454
1918-04-01,12.698412698412698,0.029493520295556717
1918-05-01,13.28125,0.03148303497365074
1918-06-01,13.076923076923075,0.029354490121849066
1918-07-01,17.96875,0.028490126205065098
1918-08-01,18.461538461538463,0.02235456300006312
1918-09-01,18.045112781954884,0.02133506059523215
1918-10-01,18.518518518518512,0.021918061354965022
1918-11-01,20.740740740740748,0.019673572967305965
1918-12-01,20.43795620437956,0.015487508238547033
1919-01-01,17.85714285714286,0.01499542455094835
1919-02-01,14.893617021276583,0.0179191655051496
1919-03-01,17.142857142857125,0.020581306602912415
1919-04-01,17.6056338028169,0.017795404554935956
1919-05-01,16.551724137931025,0.01773737621766402
1919-06-01,14.965986394557817,0.019290955371035135
1919-07-01,15.231788079470189,0.020374205963131695
1919-08-01,14.935064935064934,0.019522526790567932
1919-09-01,13.375796178343968,0.020307138402106496
1919-10-01,13.125000000000009,0.02120564980191554
1919-11-01,13.496932515337413,0.01975200294962883
1919-12-01,14.545454545454529,0.01830498776681114
1920-01-01,16.96969696969697,0.016932405581027696
1920-02-01,20.370370370370374,0.01329806437970129
1920-03-01,20.12195121951219,0.008078542074473595
1920-04-01,21.556886227544926,0.00931521162239618
1920-05-01,21.89349112426038,0.007201664515092868
1920-06-01,23.66863905325445,0.005246602522577727
1920-07-01,19.54022988505748,0.0011198450942309923
1920-08-01,14.689265536723163,0.008482225137473008
1920-09-01,12.35955056179774,0.013850387127887241
1920-10-01,9.944751381215443,0.014750271407626123
1920-11-01,7.027027027027022,0.017395300792889846
1920-12-01,2.645502645502651,0.02023144502331427
1921-01-01,-1.5544041450777257,0.023827721028374268
1921-02-01,-5.641025641025643,0.025529141515665158
1921-03-01,-7.106598984771562,0.027504563542166082
1921-04-01,-10.837438423645319,0.024218986100659264
1921-05-01,-14.077669902912627,0.02401345714435788
1921-06-01,-15.78947368421051,0.025025157189553688
1921-07-01,-14.903846153846157,0.024546222622109128
1921-08-01,-12.807881773399021,0.02170647948095221
1921-09-01,-12.5,0.01698527993086947
1921-10-01,-12.060301507537686,0.01530998886264361
1921-11-01,-12.121212121212132,0.012955946668343224
1921-12-01,-10.824742268041232,0.01376965531149274
1922-01-01,-11.05263157894738,0.011803207513754427
1922-02-01,-8.15217391304348,0.014757943948458842
1922-03-01,-8.743169398907114,0.010836471187787633
1922-04-01,-7.734806629834267,0.012342468768390884
1922-05-01,-5.649717514124298,0.012218196171281538
1922-06-01,-5.113636363636376,0.009766285254714707
1922-07-01,-5.0847457627118615,0.00934264236258528
1922-08-01,-6.214689265536711,0.008199328751598262
1922-09-01,-5.142857142857138,0.008858266279596447
1922-10-01,-4.571428571428571,0.00969556936472845
1922-11-01,-3.44827586206895,0.010453185562091738
1922-12-01,-2.3121387283237094,0.008048369418452161
1923-01-01,-0.5917159763313529,0.0065996370709547406
1923-02-01,-0.5917159763313529,0.0038965628908301866
1923-03-01,0.5988023952095967,0.004346524623959465
1923-04-01,1.197604790419149,0.0035652548347502727
1923-05-01,1.197604790419149,0.0036083559629813064
1923-06-01,1.7964071856287456,0.004140321946365842
1923-07-01,2.3809523809523725,0.003923036045548861
1923-08-01,3.0120481927710774,0.003970473525387479
1923-09-01,3.6144578313252795,0.005467795941439722
1923-10-01,3.592814371257491,0.004213840159276422
1923-11-01,2.9761904761904656,0.003304264575421302
1923-12-01,2.366863905325456,0.004797081115477372
1924-01-01,2.9761904761904656,0.005189865868871657
1924-02-01,2.3809523809523725,0.0045925855562881646
1924-03-01,1.7857142857142794,0.005335517419216354
1924-04-01,0.591715976331364,0.006538313014557082
1924-05-01,0.591715976331364,0.00869291059907509
1924-06-01,0.0,0.008189007373925389
1924-07-01,-0.5813953488371992,0.009174264329770958
1924-08-01,-0.5847953216374324,0.008648362821729417
1924-09-01,-0.5813953488371992,0.005990944653584192
1924-10-01,-0.5780346820809301,0.005123767774848534
1924-11-01,-0.5780346820809301,0.0059173112963426325
1924-12-01,0.0,0.005422298032203572
1925-01-01,0.0,0.0040029102553034435
1925-02-01,0.0,0.003262715338377728
1925-03-01,1.1695906432748426,0.0027456492280932346
1925-04-01,1.17647058823529,0.0010495640058572828
1925-05-01,1.764705882352935,-0.0004982994462450555
1925-06-01,2.941176470588225,-0.0016058849743909864
1925-07-01,3.50877192982455,-0.003734059781327105
1925-08-01,4.117647058823515,-0.003830899658069091
1925-09-01,3.50877192982455,-0.0038209234396296907
1925-10-01,2.9069767441860517,-0.002777879227847377
1925-11-01,4.651162790697683,-0.001094197797142045
1925-12-01,3.4682080924855363,-0.0026816498272513034
1926-01-01,3.4682080924855363,-0.0005341651119115803
1926-02-01,4.06976744186045,-0.001362944550231962
1926-03-01,2.8901734104046284,-0.0020709558244625392
1926-04-01,4.06976744186045,-0.000778915026397882
1926-05-01,2.8901734104046284,-0.0030789169923700135
1926-06-01,1.1428571428571344,-0.0020330407197394276
1926-07-01,-1.1299435028248594,-0.00014707239721100523
1926-08-01,-1.6949152542372947,0.0019059610735408933
1926-09-01,-1.1299435028248594,0.0032679603506150304
1926-10-01,-0.5649717514124131,0.0023134695944210804
1926-11-01,-1.6666666666666718,-0.0010387206241248281
1926-12-01,-1.1173184357541888,-0.0015575715977766552
1927-01-01,-2.2346368715083775,-0.002826293474264524
1927-02-01,-2.7932960893854775,-0.000244029261426304
1927-03-01,-2.8089887640449396,0.0005008869299389304
1927-04-01,-3.351955307262555,-0.00030464320218397123
1927-05-01,-2.2471910112359716,0.0005972033904765861
1927-06-01,-0.5649717514124131,0.0025452641977266946
1927-07-01,-1.1428571428571344,-0.0030401195240240403
1927-08-01,-1.1494252873563204,-0.002205308169409406
1927-09-01,-1.1428571428571344,-0.0034372438411087725
1927-10-01,-1.1363636363636576,-0.004214411657910526
1927-11-01,-2.259887005649708,-0.0032233590123247474
1927-12-01,-2.259887005649708,-0.001017173756296147
1928-01-01,-1.1428571428571344,0.00025907515788585467
1928-02-01,-1.724137931034464,-0.0016785891919474105
1928-03-01,-1.1560693641618491,0.0007982230278541363
1928-04-01,-1.1560693641618491,0.0004961307586647465
1928-05-01,-1.1494252873563204,0.0011332893001945732
1928-06-01,-2.840909090909094,-0.0007606665441593705
1928-07-01,-1.1560693641618491,0.006285907168497643
1928-08-01,-0.5813953488371992,0.003949471023895524
1928-09-01,0.0,0.00345993674407645
1928-10-01,-1.1494252873563204,0.005406203227957644
1928-11-01,-0.5780346820809301,0.008043186993819854
1928-12-01,-1.1560693641618491,0.00790101469018888
1929-01-01,-1.1560693641618491,0.008606126499245338
1929-02-01,0.0,0.009051108260229531
1929-03-01,-0.5847953216374324,0.005684341379578871
1929-04-01,-1.1695906432748648,0.007110018923639588
1929-05-01,-1.1627906976744096,0.007296628613910283
1929-06-01,0.0,0.006465415215170391
1929-07-01,1.1695906432748426,0.0032765240053153344
1929-08-01,1.1695906432748426,0.0018804659018046774
1929-09-01,0.0,0.0016092010189711
1929-10-01,0.5813953488372103,0.0030227970191080387
1929-11-01,0.5813953488372103,0.0013978762920241888
1929-12-01,0.5847953216374213,0.0015725410241146098
1930-01-01,0.0,0.0011189430199558606
1930-02-01,-0.5847953216374324,0.002950018748455935
1930-03-01,-0.5882352941176561,0.003402498835729857
1930-04-01,0.591715976331364,0.003531196700204884
1930-05-01,-0.5882352941176561,0.0012415015209313734
1930-06-01,-1.7543859649122862,0.004456628298225202
1930-07-01,-4.046242774566466,0.006735545989061783
1930-08-01,-4.624277456647407,0.010183629505862414
1930-09-01,-4.046242774566466,0.011665120562983553
1930-10-01,-4.624277456647407,0.009433005412421081
1930-11-01,-5.202312138728338,0.0107821026508278
1930-12-01,-6.3953488372092915,0.01121801250705022
1931-01-01,-7.017543859649134,0.014216626905748455
1931-02-01,-7.647058823529418,0.013065047382168488
1931-03-01,-7.692307692307687,0.014687494183221635
1931-04-01,-8.823529411764708,0.014051759982147395
1931-05-01,-9.467455621301768,0.017523751248896796
1931-06-01,-10.119047619047628,0.019270786361191977
1931-07-01,-9.036144578313266,0.02109807935632756
1931-08-01,-8.484848484848484,0.017871109263794392
1931-09-01,-9.63855421686748,0.015351574631859616
1931-10-01,-9.696969696969692,0.01877171387391855
1931-11-01,-10.365853658536583,0.023137945389856748
1931-12-01,-9.316770186335411,0.022202427630747017
1932-01-01,-10.062893081761004,0.02028859642978286
1932-02-01,-10.191082802547768,0.024638648534707576
1932-03-01,-10.256410256410254,0.024331379928093748
1932-04-01,-10.322580645161283,0.022121473417668555
1932-05-01,-10.457516339869288,0.02295723605393412
1932-06-01,-9.93377483443708,0.02234700093420437
1932-07-01,-9.93377483443708,0.020074287455990023
1932-08-01,-10.596026490066224,0.020611513469903576
1932-09-01,-10.666666666666668,0.024714238499471644
1932-10-01,-10.738255033557042,0.024818037864401586
1932-11-01,-10.204081632653061,0.02276990321989135
1932-12-01,-10.273972602739722,0.023726507973140937
1933-01-01,-9.790209790209792,0.02449800962123934
1933-02-01,-9.9290780141844,0.023341867094849207
1933-03-01,-9.999999999999998,0.025368779309106075
1933-04-01,-9.35251798561152,0.027585164255984024
1933-05-01,-8.029197080291972,0.024230784839520313
1933-06-01,-6.617647058823528,0.019823373833777115
1933-07-01,-3.676470588235292,0.01777172881018589
1933-08-01,-2.2222222222222254,0.010880078161396231
1933-09-01,-1.4925373134328401,0.00981523774630573
1933-10-01,-0.7518796992481258,0.010352348928113573
1933-11-01,0.0,0.010901148251871686
1933-12-01,0.7633587786259444,0.012639265377061556
1934-01-01,2.325581395348819,0.011875411263589507
1934-02-01,4.7244094488189115,0.007266651555182826
1934-03-01,5.555555555555558,0.000947836536828655
1934-04-01,5.555555555555558,0.002131545304214246
1934-05-01,5.555555555555558,0.004956784309639344
1934-06-01,5.51181102362206,0.005836949864172072
1934-07-01,2.2900763358778775,0.006344346894201481
1934-08-01,1.5151515151515138,0.016033558950470445
1934-09-01,3.0303030303030276,0.015477702779652307
1934-10-01,2.2727272727272707,0.007168036880007535
1934-11-01,2.2727272727272707,0.010917200421878312
1934-12-01,1.5151515151515138,0.009764950043118944
1935-01-01,3.0303030303030276,0.010279482278184888
1935-02-01,3.007518796992481,0.0042905799000829865
1935-03-01,3.007518796992481,0.005904451352841223
1935-04-01,3.759398496240607,0.006405751674449893
1935-05-01,3.759398496240607,0.0024266077939791714
1935-06-01,2.238805970149249,0.005505980509021846
1935-07-01,2.238805970149249,0.010599668486638632
1935-08-01,2.238805970149249,0.006923835032205297
1935-09-01,0.7352941176470562,0.006865079270481914
1935-10-01,1.4814814814814836,0.013031134260565583
1935-11-01,2.2222222222222365,0.010852864713245758
1935-12-01,2.9850746268656803,0.007264991032212297
1936-01-01,1.4705882352941346,0.005627972757684778
1936-02-01,0.7299270072992803,0.009999577314089843
1936-03-01,0.0,0.011932251191934197
1936-04-01,-0.7246376811594346,0.012000875509876694
1936-05-01,-0.7246376811594346,0.014342888819235936
1936-06-01,0.7299270072992803,0.013913566046424724
1936-07-01,1.4598540145985384,0.00927794102876553
1936-08-01,2.1897810218978186,0.010682870020170598
1936-09-01,2.1897810218978186,0.007710866469965345
1936-10-01,2.1897810218978186,0.007746767240784623
1936-11-01,1.4492753623188248,0.0073764402111423655
1936-12-01,1.4492753623188248,0.006102742474684286
1937-01-01,2.1739130434782483,0.005153044710341732
1937-02-01,2.1739130434782483,0.003923731809348532
1937-03-01,3.649635036496357,0.0031082379323223684
1937-04-01,4.379562043795637,0.0004896531496527447
1937-05-01,5.109489051094895,0.000643716555626013
1937-06-01,4.347826086956519,-0.0018805543599957238
1937-07-01,4.316546762589923,0.000944777498300027
1937-08-01,3.571428571428581,0.0021389019444100175
1937-09-01,4.285714285714293,0.004106679510843685
1937-10-01,4.285714285714293,0.0016841238385074467
1937-11-01,3.571428571428581,0.0017636677960763368
1937-12-01,2.857142857142869,0.00773221184097983
1938-01-01,0.7092198581560183,0.009957456184116677
1938-02-01,0.0,0.014358396435272813
1938-03-01,-0.7042253521126751,0.015889421984123693
1938-04-01,-0.6993006993007089,0.015062165799024686
1938-05-01,-2.083333333333337,0.0132744838099986
1938-06-01,-2.083333333333337,0.01660374540291303
1938-07-01,-2.758620689655178,0.015312709661581889
1938-08-01,-2.758620689655178,0.014370884902324854
1938-09-01,-3.424657534246578,0.014223487162048005
1938-10-01,-4.109589041095885,0.015904351305552518
1938-11-01,-3.4482758620689613,0.017407237382192728
1938-12-01,-2.777777777777779,0.01417816564239822
1939-01-01,-1.4084507042253502,0.012830976030795894
1939-02-01,-1.4184397163120477,0.009377206103671452
1939-03-01,-1.4184397163120477,0.009286918605724361
1939-04-01,-2.8169014084506894,0.01208960233749706
1939-05-01,-2.127659574468077,0.016070419987614576
1939-06-01,-2.127659574468077,0.011322507024763905
1939-07-01,-2.127659574468077,0.010823687211878891
1939-08-01,-2.127659574468077,0.01273885770156264
1939-09-01,0.0,0.011041014375685554
1939-10-01,0.0,0.0031437708472190767
1939-11-01,0.0,0.0028890675950580882
1939-12-01,0.0,0.002731002293883969
1940-01-01,-0.7142857142857117,0.00159825390067447
1940-02-01,0.7194244604316502,0.00613052071147855
1940-03-01,0.7194244604316502,0.00014268178962929812
1940-04-01,1.4492753623188248,0.0005227271588191633
1940-05-01,1.4492753623188248,-0.003487708831422933
1940-06-01,2.1739130434782483,-0.001246086981409402
1940-07-01,1.4492753623188248,-0.0020448939708152744
1940-08-01,1.4492753623188248,0.000794986679787283
1940-09-01,-0.7092198581560294,0.0030937284675854257
1940-10-01,0.0,0.00982543874499132
1940-11-01,0.0,0.007362500297098581
1940-12-01,0.7142857142857117,0.0070092752333395444
1941-01-01,1.4388489208633004,0.0031130961407483254
1941-02-01,0.7142857142857117,0.0010052414526292922
1941-03-01,1.4285714285714235,0.007577196632410264
1941-04-01,2.1428571428571574,0.004725903014162092
1941-05-01,2.857142857142869,0.007603464856017261
1941-06-01,4.255319148936176,0.005346822447769871
1941-07-01,5.000000000000004,-0.0015983491093302243
1941-08-01,6.428571428571428,-0.002235912919120047
1941-09-01,7.857142857142851,-0.007433417224048475
1941-10-01,9.285714285714297,-0.00963039102254603
1941-11-01,10.000000000000009,-0.011217405958774625
1941-12-01,9.92907801418439,-0.009843946466881148
1942-01-01,11.347517730496449,-0.006289131558497564
1942-02-01,12.056737588652489,-0.010899990173932585
1942-03-01,12.676056338028175,-0.011836411793537796
1942-04-01,12.587412587412583,-0.014003778384230735
1942-05-01,13.194444444444443,-0.01629998367555
1942-06-01,10.88435374149661,-0.017596268886242317
1942-07-01,11.564625850340127,-0.002792103208489813
1942-08-01,10.738255033557053,-0.005455988281689236
1942-09-01,9.27152317880795,-0.004812996303990371
1942-10-01,9.15032679738561,0.001798935229381026
1942-11-01,9.090909090909083,-0.001899206901819609
1942-12-01,9.03225806451613,-0.002445079784299798
1943-01-01,7.643312101910826,-0.0025674199437893362
1943-02-01,6.962025316455689,0.0007133530424931062
1943-03-01,7.499999999999996,0.00031594529110607825
1943-04-01,8.074534161490664,-0.004081729594867398
1943-05-01,7.361963190184051,-0.006747701752611232
1943-06-01,7.361963190184051,-0.002433571376950848
1943-07-01,6.0975609756097615,-0.005270647834056549
1943-08-01,4.8484848484848575,0.00014619360135152693
1943-09-01,5.454545454545445,0.007161089644613355
1943-10-01,4.191616766467066,-0.00013015262475578326
1943-11-01,3.5714285714285587,0.003425931237659597
1943-12-01,2.9585798816567976,0.004870571738295432
1944-01-01,2.9585798816567976,0.004123304623614869
1944-02-01,2.9585798816567976,0.003577919751967862
1944-03-01,1.1627906976744207,0.0025522024793448728
1944-04-01,0.5747126436781658,0.008034124760842504
1944-05-01,0.0,0.009701467938002585
1944-06-01,0.5714285714285783,0.00950538012394367
1944-07-01,1.7241379310344973,0.0065512398128822515
1944-08-01,2.3121387283236983,-0.0003775972288863755
1944-09-01,1.7241379310344973,-0.004419501118236739
1944-10-01,1.7241379310344973,-0.0006586580722710254
1944-11-01,1.7241379310344973,0.0017960845957596533
1944-12-01,2.298850574712663,0.0021752385802393144
1945-01-01,2.298850574712663,0.0014641482033466956
1945-02-01,2.298850574712663,0.002059723031449596
1945-03-01,2.298850574712663,0.0021483566242070477
1945-04-01,1.7142857142857126,0.0038288586786283385
1945-05-01,2.2857142857142687,0.006178448220936085
1945-06-01,2.840909090909083,0.002629596690359292
1945-07-01,2.259887005649719,0.0009660851373712968
1945-08-01,2.259887005649719,0.0036324279818471597
1945-09-01,2.259887005649719,0.003397755939619145
1945-10-01,2.259887005649719,0.005289733819334768
1945-11-01,2.259887005649719,0.0062669803239581365
1945-12-01,2.2471910112359383,0.00588868320830525
1946-01-01,2.2471910112359383,0.006329259923126308
1946-02-01,1.6853932584269593,0.005768367442204412
1946-03-01,2.8089887640449396,0.010636002640425673
1946-04-01,3.3707865168539186,0.00441826330465429
1946-05-01,3.3519553072625774,0.007112215117723317
1946-06-01,3.3149171270718147,0.008652058946080336
1946-07-01,9.392265193370154,0.008010977673835832
1946-08-01,11.602209944751362,-0.01620095611515399
1946-09-01,12.707182320441968,-0.01612575860634114
1946-10-01,14.917127071823199,-0.014227927499498399
1946-11-01,17.67955801104972,-0.02200315894864236
1946-12-01,18.131868131868135,-0.027568404755601354
1947-01-01,18.131868131868135,-0.01808117874872043
1947-02-01,18.78453038674033,-0.013335911660330362
1947-03-01,19.67213114754096,-0.017968558752754354
1947-04-01,19.02173913043479,-0.019012880064298337
1947-05-01,18.37837837837837,-0.02139679144989418
1947-06-01,17.647058823529417,-0.013911880036587002
1947-07-01,12.12121212121211,-0.011223259393713856
1947-08-01,11.386138613861396,0.015880126505533138
1947-09-01,12.745098039215685,0.012208097080454172
1947-10-01,10.576923076923084,0.003496473206551432
1947-11-01,8.450704225352123,0.009727165989834275
1947-12-01,8.837209302325565,0.01143693756671398
1948-01-01,10.232558139534875,0.007057747456618999
1948-02-01,9.302325581395344,-0.0006677208323162091
1948-03-01,6.849315068493156,-0.003837353639430146
1948-04-01,8.675799086757996,0.010054446673758743
1948-05-01,9.1324200913242,0.0021839558744536323
1948-06-01,9.545454545454547,0.0009141868823497393
1948-07-01,9.909909909909898,-0.0011409626431077048
1948-08-01,8.888888888888879,-0.0019093531809017267
1948-09-01,6.521739130434789,0.003853680641418153
1948-10-01,6.0869565217391175,0.010516582998594528
1948-11-01,4.761904761904745,0.01022377076945494
1948-12-01,2.991452991453003,0.015146593017918809
1949-01-01,1.2658227848101333,0.017758041412243436
1949-02-01,1.276595744680864,0.020128137719297258
1949-03-01,1.7094017094017255,0.0198224709086627
1949-04-01,0.42016806722688926,0.016630280793943485
1949-05-01,-0.4184100418409997,0.01913177017891432
1949-06-01,-0.8298755186722073,0.019604700744905796
1949-07-01,-2.868852459016391,0.020344986542001273
1949-08-01,-2.857142857142858,0.02296964771639451
1949-09-01,-2.448979591836742,0.01958300125580979
1949-10-01,-2.868852459016391,0.01738641908289276
1949-11-01,-1.6528925619834656,0.017809082929842658
1949-12-01,-2.0746887966805017,0.012444815318874728
1950-01-01,-2.083333333333337,0.01376173248325286
1950-02-01,-1.260504201680679,0.012935502867120632
1950-03-01,-0.8403361344537785,0.009243100475137643
1950-04-01,-1.2552301255229992,0.009889942451436148
1950-05-01,-0.42016806722690037,0.010745242656126287
1950-06-01,-0.4184100418409997,0.007546457539893307
1950-07-01,1.6877637130801704,0.009010805858971242
1950-08-01,2.1008403361344463,0.003739753856057411
1950-09-01,2.092050209205021,0.005041215230163761
1950-10-01,3.797468354430378,0.006963501378013461
1950-11-01,3.7815126050420034,0.002867585081706217
1950-12-01,5.932203389830493,0.0046602082793853646
1951-01-01,8.085106382978724,-0.000467658820880356
1951-02-01,9.361702127659566,-0.005441077060201714
1951-03-01,9.322033898305083,-0.00627590627751767
1951-04-01,9.322033898305083,-0.004081118152816643
1951-05-01,9.282700421940927,-0.0023842320063326705
1951-06-01,8.823529411764696,8.969255172027943e-05
1951-07-01,7.468879668049788,0.002108401170848269
1951-08-01,6.584362139917688,0.006373017673571686
1951-09-01,6.9672131147541005,0.00847707382066901
1951-10-01,6.5040650406503975,0.006449946681855615
1951-11-01,6.882591093117396,0.0071260221650021535
1951-12-01,6.000000000000005,0.004871015466442811
1952-01-01,4.330708661417337,0.007553993221282855
1952-02-01,2.3346303501945664,0.012270124101895973
1952-03-01,1.9379844961240345,0.0165561493281978
1952-04-01,2.325581395348819,0.016310307606154137
1952-05-01,1.9305019305019266,0.013716407998696166
1952-06-01,2.316602316602312,0.013234449115088948
1952-07-01,3.0888030888030826,0.010960465173963138
1952-08-01,3.0888030888030826,0.008606187165490008
1952-09-01,2.298850574712641,0.008553650925441643
1952-10-01,1.9083969465648831,0.011153078624470979
1952-11-01,1.1363636363636465,0.012204940747342814
1952-12-01,0.7547169811320753,0.014483362455829011
1953-01-01,0.37735849056603765,0.014483953831500147
1953-02-01,0.7604562737642651,0.01524978899250269
1953-03-01,1.1406844106463865,0.013005788896275761
1953-04-01,0.7575757575757791,0.011742272530061406
1953-05-01,1.1363636363636465,0.014042078297317805
1953-06-01,1.132075471698113,0.013351493849551047
1953-07-01,0.3745318352059934,0.01160739142041357
1953-08-01,0.7490636704119868,0.013715991753585663
1953-09-01,0.7490636704119868,0.011498046069372193
1953-10-01,1.1235955056179803,0.009863257726686822
1953-11-01,0.7490636704119868,0.009076577835948386
1953-12-01,0.7490636704119868,0.009293017371860803
1954-01-01,1.1278195488721776,0.008731388523822624
1954-02-01,1.5094339622641506,0.00753956691599526
1954-03-01,1.1278195488721776,0.005298342110315598
1954-04-01,0.7518796992481258,0.006684197410682241
1954-05-01,0.7490636704119868,0.00848659640959932
1954-06-01,0.3731343283581934,0.008891162121569254
1954-07-01,0.3731343283581934,0.00996790272287483
1954-08-01,0.0,0.010033956244661258
1954-09-01,-0.3717472118959009,0.011787761474820085
1954-10-01,-0.7407407407407418,0.012403483907169516
1954-11-01,-0.3717472118959009,0.012897955295747568
1954-12-01,-0.743494423791824,0.012914713640518608
1955-01-01,-0.743494423791824,0.013934794295132778
1955-02-01,-0.743494423791824,0.013876558072047431
1955-03-01,-0.743494423791824,0.014540737103916138
1955-04-01,-0.3731343283582156,0.014253364926795214
1955-05-01,-0.743494423791824,0.014156579301850318
1955-06-01,-0.743494423791824,0.01483881906530037
1955-07-01,-0.3717472118959009,0.014696522815614378
1955-08-01,-0.3717472118959009,0.013066932418885652
1955-09-01,0.3731343283581934,0.013284453959671403
1955-10-01,0.3731343283581934,0.010744030388381745
1955-11-01,0.3731343283581934,0.012314577542968861
1955-12-01,0.3745318352059934,0.012728871868580963
1956-01-01,0.3745318352059934,0.012816616015075562
1956-02-01,0.3745318352059934,0.011802119720075662
1956-03-01,0.3745318352059934,0.012985849947971684
1956-04-01,0.7490636704119868,0.015330815185606958
1956-05-01,1.1235955056179803,0.012795056652308442
1956-06-01,1.8726591760299671,0.012211969554221592
1956-07-01,2.238805970149249,0.012204968420089977
1956-08-01,1.8656716417910557,0.013275097950167524
1956-09-01,1.8587360594795488,0.015599735376317262
1956-10-01,2.230483271375472,0.01520689163038753
1956-11-01,2.230483271375472,0.015698407182901802
1956-12-01,2.9850746268656803,0.016385685530994232
1957-01-01,2.9850746268656803,0.012654024491316852
1957-02-01,3.3582089552238736,0.012959781661578105
1957-03-01,3.731343283582089,0.012377394537102841
1957-04-01,3.7174721189590976,0.012674232761592647
1957-05-01,3.703703703703698,0.014403381387778556
1957-06-01,3.308823529411775,0.016582101809473573
1957-07-01,3.284671532846728,0.018136669821314563
1957-08-01,3.663003663003672,0.019592266841128875
1957-09-01,3.284671532846728,0.01824022659930072
1957-10-01,2.9090909090909056,0.020491627561331358
1957-11-01,3.2727272727272716,0.01790576716143859
1957-12-01,2.898550724637672,0.011527391632216093
1958-01-01,3.6231884057970953,0.011169526648460139
1958-02-01,3.2490974729241895,0.007889447099811785
1958-03-01,3.597122302158273,0.009568228472436238
1958-04-01,3.584229390680993,0.006573592620839133
1958-05-01,3.214285714285703,0.006851771295867903
1958-06-01,2.8469750889679624,0.00852481015979584
1958-07-01,2.473498233215543,0.01254288701729012
1958-08-01,2.1201413427561766,0.01758480045859272
1958-09-01,2.1201413427561766,0.02038623768726894
1958-10-01,2.1201413427561766,0.018897161372738395
1958-11-01,2.1126760563380254,0.018238549738878864
1958-12-01,1.760563380281699,0.01924472982904323
1959-01-01,1.3986013986013957,0.02148004012576963
1959-02-01,1.0489510489510412,0.02131005654744804
1959-03-01,0.3472222222222099,0.02165032867326214
1959-04-01,0.34602076124568004,0.02466592572519493
1959-05-01,0.34602076124568004,0.026770736459730198
1959-06-01,0.6920415224913601,0.02558458807404406
1959-07-01,0.6896551724137945,0.023886590076101884
1959-08-01,1.038062283737018,0.02244886634184106
1959-09-01,1.384083044982698,0.02371396548509966
1959-10-01,1.730103806228378,0.02224480292765328
1959-11-01,1.379310344827589,0.02103675486977264
1959-12-01,1.730103806228378,0.02385981497809446
1960-01-01,1.0344827586207028,0.02238705762476388
1960-02-01,1.730103806228378,0.022420483972761043
1960-03-01,1.730103806228378,0.017319674002519606
1960-04-01,1.724137931034475,0.018156595982338257
1960-05-01,1.724137931034475,0.018186691841080987
1960-06-01,1.7182130584192379,0.015842081876860287
1960-07-01,1.3698630136986356,0.01313615550801215
1960-08-01,1.3698630136986356,0.013793949336518698
1960-09-01,1.0238907849829282,0.013591419024318117
1960-10-01,1.3605442176870763,0.014402703227322344
1960-11-01,1.3605442176870763,0.013518922894066657
1960-12-01,1.3605442176870763,0.01166904938126103
1961-01-01,1.7064846416382284,0.01243495010288689
1961-02-01,1.3605442176870763,0.010115700927926827
1961-03-01,1.3605442176870763,0.010618548397389956
1961-04-01,1.016949152542379,0.01036359555758086
1961-05-01,1.016949152542379,0.01033145333774797
1961-06-01,0.6756756756756799,0.01160514318408383
1961-07-01,1.3513513513513375,0.012830130247487748
1961-08-01,1.0135135135135087,0.011732778143198442
1961-09-01,1.3513513513513375,0.011675063347847944
1961-10-01,0.6711409395973034,0.00988537378149593
1961-11-01,0.6711409395973034,0.011346685366355774
1961-12-01,0.6711409395973034,0.012476445085696834
1962-01-01,0.6711409395973034,0.01207034650601052
1962-02-01,1.0067114093959662,0.01149711026386661
1962-03-01,1.0067114093959662,0.009200013802048379
1962-04-01,1.342281879194629,0.008317230601853135
1962-05-01,1.342281879194629,0.008004589000887768
1962-06-01,1.342281879194629,0.008887514270791957
1962-07-01,1.0000000000000009,0.010077247888929646
1962-08-01,1.3377926421404673,0.011719416683486014
1962-09-01,1.3333333333333197,0.010940636410038385
1962-10-01,1.3333333333333197,0.01049549286515341
1962-11-01,1.3333333333333197,0.01025752234658469
1962-12-01,1.3333333333333197,0.0095858652011807
1963-01-01,1.3333333333333197,0.009564145404530718
1963-02-01,0.9966777408637828,0.010936790054750796
1963-03-01,1.3289036544850363,0.012674306376036216
1963-04-01,0.9933774834437026,0.012184194838093985
1963-05-01,0.9933774834437026,0.012401697816116278
1963-06-01,1.324503311258285,0.012367007278409642
1963-07-01,1.320132013201314,0.011834726815775604
1963-08-01,1.320132013201314,0.009970704574265927
1963-09-01,0.9868421052631637,0.010556176826684485
1963-10-01,1.3157894736842257,0.012515031179254323
1963-11-01,1.3157894736842257,0.011628656507640816
1963-12-01,1.6447368421052655,0.012189368839674704
1964-01-01,1.6447368421052655,0.011231799181275912
1964-02-01,1.6447368421052655,0.012221171953972626
1964-03-01,1.3114754098360715,0.013224020121355175
1964-04-01,1.3114754098360715,0.014237512668215224
1964-05-01,1.3114754098360715,0.014118118662829492
1964-06-01,1.3071895424836555,0.01368729662648615
1964-07-01,1.3029315960912058,0.013156071922563142
1964-08-01,0.9771986970684043,0.013163404964689946
1964-09-01,1.3029315960912058,0.014116392841084232
1964-10-01,0.9740259740259827,0.012377598109087666
1964-11-01,1.298701298701288,0.013520500286252176
1964-12-01,0.9708737864077666,0.013086771979699256
1965-01-01,0.9708737864077666,0.014548133311793728
1965-02-01,0.9708737864077666,0.013856918865854932
1965-03-01,1.2944983818770295,0.013437504845898715
1965-04-01,1.6181229773462702,0.01219593777454588
1965-05-01,1.6181229773462702,0.011511647165281472
1965-06-01,1.9354838709677358,0.011925008031889554
1965-07-01,1.6077170418006492,0.012075855881192987
1965-08-01,1.9354838709677358,0.014112840236662764
1965-09-01,1.6077170418006492,0.01399867897132958
1965-10-01,1.9292604501607746,0.015457288643205051
1965-11-01,1.6025641025640969,0.015423145128206393
1965-12-01,1.9230769230769384,0.017588412678347543
1966-01-01,1.9230769230769384,0.01667960486875212
1966-02-01,2.564102564102577,0.019369573284885748
1966-03-01,2.5559105431310014,0.018341876464756983
1966-04-01,2.8662420382165488,0.018249294086121796
1966-05-01,2.8662420382165488,0.01832813721504807
1966-06-01,2.5316455696202445,0.019211183602303304
1966-07-01,2.848101265822778,0.02184403120198365
1966-08-01,3.4810126582278444,0.02291462543958464
1966-09-01,3.4810126582278444,0.02087239363058287
1966-10-01,3.785488958990535,0.019863267569022625
1966-11-01,3.785488958990535,0.02086798640834116
1966-12-01,3.459119496855334,0.017732064182451206
1967-01-01,3.459119496855334,0.015961469197217353
1967-02-01,2.8124999999999956,0.015084027302724474
1967-03-01,2.8037383177569986,0.015625395728827474
1967-04-01,2.4767801857585203,0.015656121587319754
1967-05-01,2.786377708978338,0.01903607210591375
1967-06-01,2.777777777777768,0.019094056605613786
1967-07-01,2.7692307692307683,0.020654495876590226
1967-08-01,2.4464831804281273,0.02122651658675892
1967-09-01,2.752293577981657,0.022312828289027354
1967-10-01,2.4316109422492627,0.023058591817022057
1967-11-01,2.7355623100303816,0.02600815223732019
1967-12-01,3.039513677811545,0.025095460448008665
1968-01-01,3.647416413373872,0.0229232262766821
1968-02-01,3.951367781155035,0.022824999352033824
1968-03-01,3.9393939393939315,0.023805105228249177
1968-04-01,3.92749244712991,0.023137629175816098
1968-05-01,3.9156626506023917,0.02476954704400884
1968-06-01,4.2042042042042205,0.02394857677452813
1968-07-01,4.491017964071853,0.0208991248475502
1968-08-01,4.477611940298498,0.019729257596097352
1968-09-01,4.464285714285721,0.02012207017912801
1968-10-01,4.7477744807121525,0.022403914839761063
1968-11-01,4.7337278106508895,0.02288197205668987
1968-12-01,4.71976401179941,0.026316984820766852
1969-01-01,4.398826979472137,0.02617405782832361
1969-02-01,4.678362573099393,0.027757783791030555
1969-03-01,5.247813411078739,0.029010686958602247
1969-04-01,5.523255813953476,0.026201845324766618
1969-05-01,5.507246376811592,0.027473219544416345
1969-06-01,5.475504322766556,0.029969652129920178
1969-07-01,5.4441260744985565,0.03213668581398881
1969-08-01,5.714285714285716,0.03151920781022016
1969-09-01,5.698005698005693,0.035730794917065746
1969-10-01,5.665722379603411,0.03393803701827418
1969-11-01,5.932203389830515,0.034899821830943145
1969-12-01,6.197183098591563,0.03937444528941042
1970-01-01,6.179775280898858,0.040765325754787626
1970-02-01,6.145251396648055,0.03575532107504823
1970-03-01,5.817174515235468,0.0335951689968354
1970-04-01,6.060606060606077,0.03801304321322132
1970-05-01,6.043956043956045,0.04258825448232633
1970-06-01,6.010928961748618,0.042251116716122514
1970-07-01,5.978260869565233,0.03889957777164819
1970-08-01,5.405405405405395,0.03985541155412465
1970-09-01,5.660377358490565,0.040163464209249274
1970-10-01,5.630026809651478,0.03911127387223053
1970-11-01,5.600000000000005,0.03475231201660564
1970-12-01,5.570291777188308,0.029937474051190897
1971-01-01,5.291005291005302,0.028225700950974653
1971-02-01,5.000000000000004,0.028007473407446908
1971-03-01,4.712041884816753,0.024641635483610223
1971-04-01,4.155844155844157,0.026652916875434342
1971-05-01,4.404145077720201,0.03299773686491622
1971-06-01,4.6391752577319645,0.0336739319673288
1971-07-01,4.358974358974366,0.03365381713393668
1971-08-01,4.615384615384599,0.033473535966106235
1971-09-01,4.081632653061207,0.027736326771294117
1971-10-01,3.8071065989847774,0.026885900303451768
1971-11-01,3.282828282828265,0.026411648283425113
1971-12-01,3.266331658291466,0.02865150311426669
1972-01-01,3.266331658291466,0.028703682782877597
1972-02-01,3.50877192982455,0.029367609258314088
1972-03-01,3.499999999999992,0.02819839652784472
1972-04-01,3.4912718204488824,0.02977129353753965
1972-05-01,3.2258064516129226,0.030041507867901218
1972-06-01,2.7093596059113434,0.030026044039437007
1972-07-01,2.9484029484029284,0.03142164434635475
1972-08-01,2.941176470588247,0.030834091865613512
1972-09-01,3.1862745098039325,0.033945995564467514
1972-10-01,3.4229828850855792,0.03287650799666291
1972-11-01,3.667481662591676,0.029938095938157112
1972-12-01,3.406326034063256,0.03053904708465547
1973-01-01,3.649635036496357,0.03226593891543182
1973-02-01,3.874092009685226,0.03352822886231034
1973-03-01,4.589371980676327,0.03422264016458982
1973-04-01,5.060240963855422,0.031449526505180514
1973-05-01,5.528846153846145,0.03219796121442892
1973-06-01,5.995203836930463,0.03195151058830006
1973-07-01,5.727923627684972,0.03453645798463356
1973-08-01,7.380952380952377,0.039330562603316695
1973-09-01,7.3634204275534465,0.03272754400073275
1973-10-01,7.801418439716312,0.030608954295903518
1973-11-01,8.25471698113207,0.028533659796761243
1973-12-01,8.705882352941185,0.028516456696100374
1974-01-01,9.38967136150235,0.0309645229066891
1974-02-01,10.023310023310028,0.029508680925359985
1974-03-01,10.39260969976905,0.03068661958225967
1974-04-01,10.091743119266061,0.03331354674150965
1974-05-01,10.70615034168565,0.03555377824557101
1974-06-01,10.859728506787313,0.03337369178835578
1974-07-01,11.512415349887139,0.03723911927621044
1974-08-01,10.864745011086473,0.03663085478538882
1974-09-01,11.946902654867241,0.03918968228105471
1974-10-01,12.061403508771939,0.03414663552186575
1974-11-01,12.200435729847502,0.0325122005180281
1974-12-01,12.337662337662337,0.029232896400168656
1975-01-01,11.802575107296143,0.029442726548633634
1975-02-01,11.228813559322038,0.030800933077039107
1975-03-01,10.251046025104603,0.034896303820839025
1975-04-01,10.20833333333333,0.04326905117958374
1975-05-01,9.4650205761317,0.04019063467928605
1975-06-01,9.387755102040817,0.03990468944477346
1975-07-01,9.716599190283404,0.03956856841076961
1975-08-01,8.599999999999985,0.045390194968497784
1975-09-01,7.905138339920947,0.04907856056434108
1975-10-01,7.4363992172211235,0.04739505325981041
1975-11-01,7.37864077669903,0.04771537683372352
1975-12-01,6.936416184971095,0.046979578167262
1976-01-01,6.717850287907878,0.0447158643144112
1976-02-01,6.285714285714272,0.04476925708718144
1976-03-01,6.072106261859567,0.045288555148418015
1976-04-01,6.0491493383743045,0.043563752559386985
1976-05-01,6.203007518796988,0.046568240620706365
1976-06-01,5.970149253731338,0.04547610807036859
1976-07-01,5.350553505535061,0.04515858250922043
1976-08-01,5.7090239410681365,0.043496992670995445
1976-09-01,5.494505494505497,0.04022894639495528
1976-10-01,5.464480874316946,0.040292809323848815
1976-11-01,4.88245931283906,0.0375800684223841
1976-12-01,4.86486486486486,0.03398564783104051
1977-01-01,5.215827338129486,0.038096749107383594
1977-02-01,5.913978494623673,0.04006317798303522
1977-03-01,6.440071556350624,0.038315278922426324
1977-04-01,6.951871657754016,0.03371065887110991
1977-05-01,6.725663716814156,0.03721453829075464
1977-06-01,6.866197183098599,0.037828253235868095
1977-07-01,6.8301225919439545,0.038461056548609734
1977-08-01,6.620209059233462,0.03933059607743856
1977-09-01,6.59722222222221,0.038838403917287524
1977-10-01,6.390328151986191,0.0389991087478025
1977-11-01,6.7241379310344795,0.040507111969226725
1977-12-01,6.70103092783505,0.04037132621137148
1978-01-01,6.8376068376068355,0.04186206745110147
1978-02-01,6.429780033840937,0.04080119756801329
1978-03-01,6.554621848739495,0.04303330637445576
1978-04-01,6.499999999999995,0.044354024569935036
1978-05-01,6.9651741293532465,0.04492731480818543
1978-06-01,7.413509060955525,0.04369475684148848
1978-07-01,7.7049180327869005,0.0445161616455974
1978-08-01,7.843137254901955,0.03913579216113437
1978-09-01,8.306188925081436,0.03990400139249146
1978-10-01,8.92857142857142,0.041366383345747826
1978-11-01,8.8852988691438,0.03990863600363472
1978-12-01,9.017713365539448,0.044214963395825445
1979-01-01,9.28,0.045261162495445886
1979-02-01,9.856915739268679,0.04398842354173391
1979-03-01,10.094637223974768,0.042623165783293594
1979-04-01,10.485133020344284,0.04335506814535312
1979-05-01,10.852713178294572,0.04278911375277259
1979-06-01,10.889570552147232,0.038522711520146996
1979-07-01,11.263318112633169,0.03980805806821168
1979-08-01,11.818181818181817,0.03751795812018782
1979-09-01,12.180451127819536,0.036963351670773116
1979-10-01,12.071535022354718,0.04666925947988659
1979-11-01,12.611275964391687,0.050459895807849875
1979-12-01,13.293943870014768,0.0438537235779257
1980-01-01,13.90922401171304,0.03670917612809403
1980-02-01,14.1823444283647,0.03998855219573243
1980-03-01,14.756446991404015,0.04158886412018924
1980-04-01,14.730878186968855,0.02126391841453494
1980-05-01,14.40559440559439,0.014208406033458257
1980-06-01,14.384508990318135,0.020261255051482213
1980-07-01,13.132694938440515,0.02677463558082563
1980-08-01,12.872628726287271,0.05508886027001711
1980-09-01,12.600536193029498,0.06353071167579338
1980-10-01,12.765957446808507,0.06586637916612861
1980-11-01,12.648221343873512,0.07407744719787981
1980-12-01,12.516297262059961,0.07581527360041541
1981-01-01,11.825192802056561,0.07321656435258009
1981-02-01,11.406844106463886,0.07987771722292772
1981-03-01,10.486891385767795,0.07330452614563746
1981-04-01,9.999999999999986,0.08686611667604063
1981-05-01,9.7799511002445,0.09712215849737715
1981-06-01,9.552599758162028,0.08810079910114507
1981-07-01,10.761789600967342,0.09764837614929842
1981-08-01,10.80432172869148,0.09510470001410219
1981-09-01,10.952380952380958,0.09620654517945404
1981-10-01,10.14150943396228,0.09086194760217228
1981-11-01,9.590643274853793,0.08038579998487316
1981-12-01,8.92236384704519,0.0855707652477921
1982-01-01,8.390804597701141,0.09530379663532487
1982-02-01,7.622298065984068,0.09560049532028841
1982-03-01,6.779661016949157,0.09655255086967146
1982-04-01,6.509539842873191,0.1027032267380604
1982-05-01,6.681514476614692,0.09924406569725515
1982-06-01,7.064017660044164,0.10305236499062218
1982-07-01,6.4410480349345045,0.09605183345618162
1982-08-01,5.850487540628402,0.08845189432741721
1982-09-01,5.04291845493563,0.08569847565281483
1982-10-01,5.139186295503206,0.07413062445836885
1982-11-01,4.589114194236932,0.0670549285993752
1982-12-01,3.8297872340425476,0.06724242850601214
1983-01-01,3.711558854718988,0.07029604162949134
1983-02-01,3.488372093023262,0.07200505609608712
1983-03-01,3.5978835978836,0.06996916005711007
1983-04-01,3.898840885142252,0.06690466401708889
1983-05-01,3.549060542797511,0.062109625570257364
1983-06-01,2.577319587628857,0.06791933305444642
1983-07-01,2.4615384615384706,0.07773848978002854
1983-08-01,2.5588536335721557,0.08079128998317545
1983-09-01,2.860061287027582,0.07488639873099981
1983-10-01,2.851323828920571,0.07077924076174041
1983-11-01,3.2653061224489743,0.0718412650278569
1983-12-01,3.7909836065573854,0.0706724167313017
1984-01-01,4.192229038854811,0.06516479492003252
1984-02-01,4.596527068437184,0.06568168007210495
1984-03-01,4.80081716036771,0.06880063474783876
1984-04-01,4.563894523326573,0.0700309698301663
1984-05-01,4.233870967741948,0.0800642280560701
1984-06-01,4.2211055276381915,0.0837615581682872
1984-07-01,4.204204204204198,0.08186772934646727
1984-08-01,4.291417165668654,0.0763304945898647
1984-09-01,4.270109235352537,0.0747308223873153
1984-10-01,4.257425742574261,0.07299960246404602
1984-11-01,4.051383399209474,0.06775908502967604
1984-12-01,3.948667324777877,0.06839309735424734
1985-01-01,3.5328753680078373,0.06796003949744496
1985-02-01,3.515625,0.07096966150672737
1985-03-01,3.70370370370372,0.0735766105212597
1985-04-01,3.6857419980601547,0.06707245575984738
1985-05-01,3.771760154738879,0.061985095704150034
1985-06-01,3.760848601735778,0.05532573884346397
1985-07-01,3.5542747358309423,0.05713702488662179
1985-08-01,3.349282296650724,0.058877033394295585
1985-09-01,3.142857142857136,0.05902803425312435
1985-10-01,3.228869895536568,0.05820244403944088
1985-11-01,3.5137701804368593,0.052953538971483
1985-12-01,3.7986704653371284,0.045236801616969004
1986-01-01,3.8862559241706007,0.04416304616188109
1986-02-01,3.113207547169816,0.0390351008376263
1986-03-01,2.2556390977443552,0.03542711290421496
1986-04-01,1.5902712815715425,0.03641297446129002
1986-05-01,1.491146318732528,0.04193129017092176
1986-06-01,1.7657992565055736,0.04138168342046729
1986-07-01,1.5769944341373021,0.032969125195021494
1986-08-01,1.5740740740740833,0.03324911326579578
1986-09-01,1.7543859649122862,0.037042941784526814
1986-10-01,1.4719411223550916,0.03293653977244053
1986-11-01,1.2844036697247763,0.0318467612672217
1986-12-01,1.097895699908502,0.031852678439528645
1987-01-01,1.4598540145985384,0.029649109298951405
1987-02-01,2.1043000914912957,0.028717938466915692
1987-03-01,3.0330882352941124,0.024006943334829396
1987-04-01,3.7753222836095945,0.027986885767848767
1987-05-01,3.8567493112947604,0.030962236613180497
1987-06-01,3.65296803652968,0.029162494435446475
1987-07-01,3.926940639269394,0.03163128126140786
1987-08-01,4.284412032816776,0.03211061564610076
1987-09-01,4.355716878402904,0.03645921736247316
1987-10-01,4.533091568449676,0.03928432033589043
1987-11-01,4.528985507246386,0.0331684961764672
1987-12-01,4.4343891402715,0.035678990847081433
1988-01-01,4.046762589928066,0.034190723342947225
1988-02-01,3.942652329749108,0.03282718073823301
1988-03-01,3.9250669045495234,0.034688400614739594
1988-04-01,3.9041703637976877,0.03654836800186908
1988-05-01,3.89036251105217,0.04115055886202373
1988-06-01,3.96475770925111,0.04037044517584632
1988-07-01,4.130052724077338,0.04139182817423608
1988-08-01,4.020979020979021,0.04220111599554083
1988-09-01,4.17391304347825,0.040695834965434524
1988-10-01,4.249783174327848,0.03849622049032095
1988-11-01,4.246100519930662,0.03925181849830539
1988-12-01,4.419410745233954,0.04040135156380205
1989-01-01,4.667242869490051,0.039849459088568136
1989-02-01,4.827586206896539,0.03815604322951636
1989-03-01,4.978540772532192,0.04049531733119492
1989-04-01,5.123825789923142,0.038206353184698436
1989-05-01,5.361702127659562,0.03419016207095627
1989-06-01,5.1694915254237195,0.02710901206496192
1989-07-01,4.978902953586495,0.026467254110814915
1989-08-01,4.705882352941182,0.02837896257102513
1989-09-01,4.340567612687818,0.030500972322749516
1989-10-01,4.492512479201327,0.03023665997555327
1989-11-01,4.655029093931851,0.028346166608808017
1989-12-01,4.647302904564321,0.02682781602701572
1990-01-01,5.202312138728327,0.031159916608095264
1990-02-01,5.263157894736836,0.030653252014578726
1990-03-01,5.233033524121011,0.03145311511704401
1990-04-01,4.711616571892785,0.03409302143508343
1990-05-01,4.3618739903069415,0.03601301649268403
1990-06-01,4.673650282030639,0.03442274554688544
1990-07-01,4.8231511254019255,0.030634891114648073
1990-08-01,5.617977528089879,0.034061580618637816
1990-09-01,6.159999999999988,0.031616544996104175
1990-10-01,6.289808917197459,0.02743042966337602
1990-11-01,6.27482128673551,0.024793437104613562
1990-12-01,6.10626486915149,0.021992672890947952
1991-01-01,5.651491365777073,0.02286964859922571
1991-02-01,5.312500000000009,0.02264532584757356
1991-03-01,4.895104895104896,0.026620418399042507
1991-04-01,4.8875096974398735,0.028521387433827636
1991-05-01,4.953560371517041,0.028657614405912975
1991-06-01,4.695919938414161,0.03086508692425574
1991-07-01,4.447852760736182,0.03285484740551422
1991-08-01,3.7993920972644313,0.029560336165378183
1991-09-01,3.3911077618688834,0.030122714446822275
1991-10-01,2.921348314606753,0.029502457296777758
1991-11-01,2.9895366218236186,0.02870726308667238
1991-12-01,3.064275037369213,0.023601031425577422
1992-01-01,2.600297176820199,0.02164631578535897
1992-02-01,2.8189910979228294,0.027398587365136874
1992-03-01,3.185185185185202,0.026539062230148618
1992-04-01,3.1804733727810675,0.02302429519357152
1992-05-01,3.0235988200590036,0.022365826065268733
1992-06-01,3.088235294117636,0.021195105049636044
1992-07-01,3.1571218795888534,0.016203428876585373
1992-08-01,3.1478770131771583,0.012560740189723217
1992-09-01,2.988338192419837,0.011131209191864597
1992-10-01,3.2023289665211063,0.013840023813842924
1992-11-01,3.0478955007256836,0.015230946180772163
1992-12-01,2.9006526468455363,0.015316347772241605
1993-01-01,3.258508327299059,0.015289368947149662
1993-02-01,3.2467532467532534,0.009268238633928512
1993-03-01,3.086862885857844,0.006572719264654248
1993-04-01,3.2258064516129004,0.007354045665492685
1993-05-01,3.2211882605583497,0.006944933898126997
1993-06-01,2.9957203994293913,0.006184276188849466
1993-07-01,2.77580071174377,0.005885782561648796
1993-08-01,2.767920511000721,0.005445348069503871
1993-09-01,2.689313517338987,0.0012661959639189632
1993-10-01,2.7503526093088704,0.0014348724615121516
1993-11-01,2.6760563380281877,0.004848215028458759
1993-12-01,2.748414376321362,0.0062357015064595026
1994-01-01,2.524544179523147,0.004860536814538699
1994-02-01,2.515723270440251,0.008039948685863746
1994-03-01,2.506963788300842,0.013087293985358198
1994-04-01,2.361111111111125,0.017871173339170578
1994-05-01,2.288488210818307,0.02084646709693424
1994-06-01,2.4930747922437657,0.020144073842203777
1994-07-01,2.7700831024930705,0.02092848998827681
1994-08-01,2.900552486187835,0.018677504020209033
1994-09-01,2.963473466574773,0.021044657368703902
1994-10-01,2.6080988332189525,0.023429996692383805
1994-11-01,2.674897119341546,0.027719811450971
1994-12-01,2.674897119341546,0.024675841378368743
1995-01-01,2.8043775649794878,0.024543875114724632
1995-02-01,2.862985685071595,0.021002240708645342
1995-03-01,2.853260869565233,0.01909475984832313
1995-04-01,3.0529172320217013,0.017759570471570833
1995-05-01,3.186440677966096,0.013052297516349058
1995-06-01,3.0405405405405483,0.007749782209046742
1995-07-01,2.7628032345013542,0.009713972037256602
1995-08-01,2.6174496644295386,0.013326907485747247
1995-09-01,2.5435073627844584,0.011679687556602154
1995-10-01,2.809364548494986,0.009556968694173773
1995-11-01,2.605210420841697,0.007353919294468388
1995-12-01,2.5384101536406245,0.006722037725773143
1996-01-01,2.727877578176985,0.005699659183826825
1996-02-01,2.6507620941020438,0.0058364482258197875
1996-03-01,2.840158520475544,0.01017645428884853
1996-04-01,2.896642527978943,0.011745783335310303
1996-05-01,2.890932982917227,0.01311825286577404
1996-06-01,2.7540983606557212,0.015331879789656673
1996-07-01,2.9508196721311553,0.015432740967429068
1996-08-01,2.877697841726623,0.012125892230712157
1996-09-01,3.0026109660574507,0.01423070024227474
1996-10-01,2.9928432010410067,0.011291324787119889
1996-11-01,3.255208333333326,0.00797567045448408
1996-12-01,3.322475570032579,0.008201843869198588
1997-01-01,3.0440414507771907,0.011511699004069446
1997-02-01,3.034215622982561,0.012525287548049678
1997-03-01,2.7617212588310958,0.015007087606868537
1997-04-01,2.4952015355086177,0.01773708599013772
1997-05-01,2.2349936143039484,0.01753202902957942
1997-06-01,2.2973835354180183,0.01635595133232607
1997-07-01,2.2292993630573354,0.013130040509405944
1997-08-01,2.2250476795931284,0.014594573135486594
1997-09-01,2.154626108998725,0.013374166245696449
1997-10-01,2.0846493998736504,0.011759703810699323
1997-11-01,1.828499369482972,0.010270139993862844
1997-12-01,1.7023959646910614,0.010415700201301378
1998-01-01,1.5713387806411072,0.0075294007884646325
1998-02-01,1.441102756892243,0.007398985484831713
1998-03-01,1.374999999999993,0.009012520812637086
1998-04-01,1.4357053682896526,0.010015522157085066
1998-05-01,1.6864459712679691,0.009384763614746168
1998-06-01,1.6843418590143378,0.006005557323095448
1998-07-01,1.6822429906542036,0.006006789943775057
1998-08-01,1.6169154228855787,0.004935428367844628
1998-09-01,1.488833746898277,1.754237319796792e-05
1998-10-01,1.4851485148514865,-0.0025147901703331116
1998-11-01,1.5479876160990669,0.00016135602460332077
1998-12-01,1.6119032858028515,-0.001626367755239208
1999-01-01,1.6707920792079278,-0.0007677988237847211
1999-02-01,1.6059295861643008,0.0015700262813228769
1999-03-01,1.7262638717632672,0.004804947840432311
1999-04-01,2.2769230769230653,0.0030539420233004627
1999-05-01,2.088452088452075,0.0038641647824967304
1999-06-01,1.9631901840490684,0.00975081387247187
1999-07-01,2.1446078431372584,0.009520930737221857
1999-08-01,2.2643818849449104,0.009243984032148087
1999-09-01,2.6283618581907087,0.008034637555774757
1999-10-01,2.5609756097561,0.009049583450054424
1999-11-01,2.6219512195122086,0.00982497556451356
1999-12-01,2.684563758389258,0.01232012018800626
2000-01-01,2.738892270237381,0.015548955009692084
2000-02-01,3.221884498480243,0.01459523311192798
2000-03-01,3.7575757575757596,0.00917446335997793
2000-04-01,3.0685920577617543,0.0039456529792071746
2000-05-01,3.1889290012033777,0.01367410162382942
2000-06-01,3.73044524669075,0.009546739093560505
2000-07-01,3.659268146370742,0.00602729933351355
2000-08-01,3.4111310592459754,0.005247791956949584
2000-09-01,3.4544371649791517,0.00764250322677424
2000-10-01,3.4482758620689724,0.005930938484729163
2000-11-01,3.446226975638722,0.005742750555000786
2000-12-01,3.3868092691621943,0.0006699691687832715
2001-01-01,3.7322274881516515,0.0017411877780438914
2001-02-01,3.5335689045936425,-0.0012500405550456145
2001-03-01,2.9205607476635587,-0.0018507773627535334
2001-04-01,3.2691185055458316,0.004624695693620305
2001-05-01,3.6151603498542295,0.004096524103801347
2001-06-01,3.248259860788849,0.00046465682718870027
2001-07-01,2.719907407407396,0.0026774307687712634
2001-08-01,2.719907407407396,0.0031512551794587312
2001-09-01,2.648244099021313,-6.800177499530213e-05
2001-10-01,2.126436781609198,-0.001638068052080159
2001-11-01,1.895462377943713,0.0025268247874455016
2001-12-01,1.551724137931032,0.008063011929322142
2002-01-01,1.142204454597362,0.007727907909954972
2002-02-01,1.1376564277588264,0.008539681423190552
2002-03-01,1.4755959137344066,0.011628754688369651
2002-04-01,1.6393442622950838,0.009796713986479806
2002-05-01,1.1817670230725996,0.008382424052708129
2002-06-01,1.0674157303370846,0.009031013435779701
2002-07-01,1.4647887323943731,0.00673383037622078
2002-08-01,1.8028169014084439,-0.0018652941508777096
2002-09-01,1.5143017386427315,-0.00457028015407715
2002-10-01,2.025886325267323,-0.0023521781323102495
2002-11-01,2.19842164599775,-0.004919422673355989
2002-12-01,2.376910016977929,-0.00456848666836733
2003-01-01,2.5974025974025983,-0.00481425373653846
2003-02-01,2.9808773903261976,-0.006082743541850309
2003-03-01,3.0201342281878985,-0.007541659698373317
2003-04-01,2.2246941045606317,-0.006060020289321268
2003-05-01,2.057842046718572,-0.0051178050915082
2003-06-01,2.1122846025569686,-0.005929153376098638
2003-07-01,2.1099389228206533,-0.0005836438397214955
2003-08-01,2.158273381294973,0.005860024949149029
2003-09-01,2.3204419889502725,0.003084563845745368
2003-10-01,2.0408163265306145,0.004618958753682477
2003-11-01,1.7650303364588948,0.0070006293058227365
2003-12-01,1.8794914317302513,0.007430636335346144
2004-01-01,1.9262520638414937,0.005455641661793999
2004-02-01,1.6930638995084513,0.0040910625868106
2004-03-01,1.7372421281216077,0.0023493826103747548
2004-04-01,2.285092491838947,0.00641707689451889
2004-05-01,3.051771117166213,0.00660618919993361
2004-06-01,3.2661948829613596,0.0016726935354965597
2004-07-01,2.9907558455682492,0.00013774863512124036
2004-08-01,2.654387865655483,0.0009010893642365236
2004-09-01,2.5377969762419017,-0.00015800018035492386
2004-10-01,3.189189189189201,-0.0008059886714906137
2004-11-01,3.5230352303523116,-0.005187437564690929
2004-12-01,3.255561584373301,-0.004813916925489284
2005-01-01,2.969762419006483,-0.0014379170959615134
2005-02-01,3.0075187969925032,-0.0004998508361507073
2005-03-01,3.1483457844183604,0.0026822881037655358
2005-04-01,3.5106382978723483,0.001184204238063473
2005-05-01,2.8027498677948293,-0.0033411416510400194
2005-06-01,2.530311017395892,0.002241971692270993
2005-07-01,3.167898627243937,0.00354721958627071
2005-08-01,3.641160949868083,-0.0014573156592571912
2005-09-01,4.686677198525535,-0.001726443448049203
2005-10-01,4.347826086956519,-0.006183891125738451
2005-11-01,3.4554973821989465,-0.0005772831091789069
2005-12-01,3.4156594850236477,0.0034265467775029396
2006-01-01,3.9853172522286373,0.00045286836785438794
2006-02-01,3.59749739311781,-0.00023083360950666015
2006-03-01,3.3626487325400856,0.007094782064845921
2006-04-01,3.5457348406988665,0.009503467869835115
2006-05-01,4.166666666666674,0.010342683795865393
2006-06-01,4.318766066838053,0.0070492359073208374
2006-07-01,4.145342886386905,0.00858028784048629
2006-08-01,3.8187372708757605,0.00816316875927918
2006-09-01,2.062374245472842,0.007283264555595567
2006-10-01,1.3052208835341528,0.017641411166277862
2006-11-01,1.9736842105263275,0.0172645495632777
2006-12-01,2.5406504065040636,0.012350093175083579
2007-01-01,2.0756429652042385,0.012641236779618197
2007-02-01,2.415198792148976,0.015513422126280416
2007-03-01,2.7787787787787677,0.009614849104448514
2007-04-01,2.5736972704714756,0.01108828198746658
2007-05-01,2.6908641975308623,0.012307682146720712
2007-06-01,2.687037949728932,0.01444758161286245
2007-07-01,2.3582309582309557,0.01374849595404165
2007-08-01,1.9700833742030355,0.010155293779701167
2007-09-01,2.755051749630355,0.00937607961146978
2007-10-01,3.5361744301288356,0.006548205651527882
2007-11-01,4.306203473945414,0.0013885726926757824
2007-12-01,4.081268582755193,-0.0031064847368041104
2008-01-01,4.280294047901356,-0.003253848899569242
2008-02-01,4.026555413048727,-0.00465647509956809
2008-03-01,3.981456231251701,-0.004680513517017142
2008-04-01,3.9368897748275122,-0.003148567430251284
2008-05-01,4.17554304180352,-9.074700389499063e-05
2008-06-01,5.0217900476117405,0.0012001190128362385
2008-07-01,5.6001229002539565,-0.003033523943502689
2008-08-01,5.371855115262347,-0.0040649140954001
2008-09-01,4.936927430572191,-0.002770229110632086
2008-10-01,3.655186277137501,0.00013190104627307936
2008-11-01,1.0695746918073956,0.0019844342350621574
2008-12-01,0.09141290064560437,-0.0006862046727777633
2009-01-01,0.02984650369528552,-0.00013811284666081017
2009-02-01,0.2361910880378737,0.0036523650682351513
2009-03-01,-0.3835562549173832,0.003169816522473789
2009-04-01,-0.7368857152167174,0.006603772856384086
2009-05-01,-1.2814357989586078,0.011146143883465957
2009-06-01,-1.4267760436898702,0.01673546705578539
2009-07-01,-2.097161353676058,0.013676555008250643
2009-08-01,-1.4843486119606064,0.017607925090508538
2009-09-01,-1.2862059666427395,0.01055836098248444
2009-10-01,-0.1828482774861251,0.010027426957331397
2009-11-01,1.8382958691302909,0.006680727419233826
2009-12-01,2.721331126205828,0.0045408923364511425
2010-01-01,2.6257086429576137,0.006123711236282869
2010-02-01,2.143331778145363,0.0058111224527236
2010-03-01,2.3139594469439473,0.0068162534210516185
2010-04-01,2.2364471956480836,0.007283570512692364
2010-05-01,2.0209860840939786,0.0033784165873919914
2010-06-01,1.053348972845658,0.0016711954563727836
2010-07-01,1.2351927783014638,0.003083367482052495
2010-08-01,1.1481045618392027,-0.0023875983138907514
2010-09-01,1.143682658159273,-0.0016190180626685785
2010-10-01,1.1721876055269531,-0.0025836907687268214
2010-11-01,1.1431609115702734,-0.0005149479599975727
2010-12-01,1.4957235273143077,0.004751277023913779
2011-01-01,1.631846857448771,0.004928902454448398
2011-02-01,2.1075846286581656,0.006998859747191371
2011-03-01,2.6816032642408505,0.004634677325104936
2011-04-01,3.1636308592764673,0.00443886424090752
2011-05-01,3.568645784634561,0.0010461421520551427
2011-06-01,3.558828252242341,-0.0007750695912685478
2011-07-01,3.6287159822210757,-0.00033562185861348015
2011-08-01,3.7712081791197782,-0.007503742387646881
2011-09-01,3.868356841040299,-0.010766018556839226
2011-10-01,3.5251999213574026,-0.009111228481687411
2011-11-01,3.3943775908008567,-0.009676712376626873
2011-12-01,2.9624188448710953,-0.010164767873919695
2012-01-01,2.9252167121508466,-0.009552276990508375
2012-02-01,2.871098780438208,-0.009760025735305003
2012-03-01,2.651398193021781,-0.007699707089915023
2012-04-01,2.3027398112989372,-0.008468856162374801
2012-05-01,1.704253774937592,-0.010679670492947678
2012-06-01,1.6639937622385137,-0.011906511123569712
2012-07-01,1.4084507042253502,-0.013336220850281078
2012-08-01,1.692378997550148,-0.011259038532428031
2012-09-01,1.9912820806649911,-0.01166094705520455
2012-10-01,2.1623435988711304,-0.011353930424705897
2012-11-01,1.764133846085847,-0.012514273686181531
2012-12-01,1.741022368747558,-0.011013980939581187
2013-01-01,1.5948646681225531,-0.009300340312355604
2013-02-01,1.9779235097490577,-0.008195561175706838
2013-03-01,1.4738962125967703,-0.00901071422390206
2013-04-01,1.063085381489448,-0.009885964987002442
2013-05-01,1.3619650588516885,-0.007848920175979702
2013-06-01,1.7544165453768912,-0.004941398253509106
2013-07-01,1.9606816118443948,-0.0021833283716149975
2013-08-01,1.518367559543199,-0.0007392243917341661
2013-09-01,1.184925261552161,0.0008581922792262678
2013-10-01,0.9636127046434018,-0.0009373789009268774
2013-11-01,1.2370722045339066,0.000324907707113839
2013-12-01,1.501735619618394,0.0015396473838346116
2014-01-01,1.5789473684210575,0.00120996284920891
2014-02-01,1.1263492501055294,-0.0004547632724122043
2014-03-01,1.51220287576308,0.0004918339067204666
2014-04-01,1.9528578985167577,-0.00042307332420002397
2014-05-01,2.1271115499366777,-0.0021327338250303855
2014-06-01,2.0723413731670526,-0.0016710027394273852
2014-07-01,1.9923286357643066,-0.0022993437121612663
2014-08-01,1.6996113341628316,-0.0033324068807673995
2014-09-01,1.657918675715031,-0.0017872051507149649
2014-10-01,1.664340215632043,-0.004178096461597818
2014-11-01,1.3223551823708934,-0.0036591227002276197
2014-12-01,0.7564932696557447,-0.004132039620851673
2015-01-01,-0.08934831306964819,-0.006877835494004652
2015-02-01,-0.025129801815304553,-0.0044919429779438635
2015-03-01,-0.07363739086643228,-0.004835366516332436
2015-04-01,-0.1995174461766891,-0.005600169029474286
2015-05-01,-0.039932744850779134,-0.002963308841030174
2015-06-01,0.12377120368545214,-0.0017820104184645587
2015-07-01,0.1695697796432194,-0.002161637338488273
2015-08-01,0.1950792930057288,-0.0037412614308663383
2015-09-01,-0.03612974780596856,-0.003737029992271799
2015-10-01,0.17057443573555986,-0.004084715477034245
2015-11-01,0.5017975786678841,-0.003032852806340268
2015-12-01,0.7295197860415881,-0.003637043695971863
2016-01-01,1.3730868138309926,-0.004997546724045933
2016-02-01,1.0177997801654737,-0.009156456488377793
2016-03-01,0.8525362211427412,-0.006432994802531032
2016-04-01,1.125110418894426,-0.007045007872772301
2016-05-01,1.019322554193569,-0.007395386035359698
2016-06-01,0.9973264945230875,-0.008326253379731127
2016-07-01,0.8271388704987004,-0.00999492713121131
2016-08-01,1.0628745027610353,-0.008722940224793784
2016-09-01,1.4637836474815646,-0.008267721833600548
2016-10-01,1.6359875209176034,-0.007544373400094891
2016-11-01,1.6925371625037933,-0.0035555581127670217
2016-12-01,2.074622132966919,5.0981322772376825e-05
2017-01-01,2.5000422090529995,-0.0015116224490089245
2017-02-01,2.7379581714893186,-0.0021829814166476266
2017-03-01,2.3806124334402767,-0.0015884188297136809
2017-04-01,2.199689878417299,-0.002565157485355126
2017-05-01,1.8748777208413614,-0.002469327649234219
2017-06-01,1.633487955256463,-0.002987521453624513
2017-07-01,1.727978456372492,-0.00131253569757981
2017-08-01,1.9389742120581754,-0.002578050073815421
2017-09-01,2.2329638650032235,-0.00292631315378886
2017-10-01,2.0411287019761692,-0.001635844821117862
2017-11-01,2.202582938683184,-0.0010783992528844814
2017-12-01,2.1090824745684245,-0.001009744812072541
2018-01-01,2.0705076202751638,0.0012669818896028154
2018-02-01,2.2117954212386604,0.003974355758596827
2018-03-01,2.3597114039729084,0.0036027846299516095
2018-04-01,2.462743943334811,0.0039010973974167515
2018-05-01,2.8010117148075553,0.0049326961833358815
2018-06-01,2.87154783531669,0.0039419650613427455
2018-07-01,2.9495150866471143,0.003924937919441308
2018-08-01,2.6991801041874375,0.0038224527037059863
2018-09-01,2.2769721941990007,0.005253407450712087
2018-10-01,2.5224699286070296,0.00729251421515963
2018-11-01,2.176601032152403,0.006413272765579677
2018-12-01,1.9101588486313714,0.004420736146705094
2019-01-01,1.5512351381991252,0.003358815513695969
2019-02-01,1.520135265933309,0.003682076750945184
2019-03-01,1.8625227405691724,0.002480500782514848
2019-04-01,1.9964397755302565,0.0016716389198869405
2019-05-01,1.7902284687663972,0.000313144989877924
2019-06-01,1.6484846560762545,-0.0027497507669532323
2019-07-01,1.8114648063935146,-0.00694952362704318
2019-08-01,1.7497798894291483,-0.007207306750157554
2019-09-01,1.7113045131695204,-0.006000001682966789
2019-10-01,1.7640429444213845,-0.005919293336563696
2019-11-01,2.0512779818916194,-0.0049139718255956435
2019-12-01,2.2851297401217163,-0.004657190220086951
2020-01-01,2.4865719552504606,-0.005731513202227586
2020-02-01,2.3348735639459495,-0.00841949285126328
2020-03-01,1.5393269919198094,-0.014401628334873823
2020-04-01,0.3290966863368272,-0.015758427037745666
2020-05-01,0.11792637021070806,-0.014648447810541407
2020-06-01,0.6457330475554857,-0.014254389285385177
2020-07-01,0.9860818253037085,-0.015858537171201528
2020-08-01,1.3096453823307153,-0.015622130386085389
2020-09-01,1.3713248610564666,-0.015665299111671034
2020-10-01,1.1820661677274913,-0.014409145925901558
2020-11-01,1.1745357842679605,-0.013415076056125002
2020-12-01,1.3620054947193205,-0.01289084655335678
2021-01-01,1.3997697415600863,-0.011497653940150232
2021-02-01,1.6762152173745104,-0.009745686182727142
2021-03-01,2.619762508959189,-0.0065689305901283634
2021-04-01,4.15969483870211,-0.006898437830235384
2021-05-01,4.992706537594471,-0.00801355374064655
2021-06-01,5.391451413321335,-0.009095170190635467
2021-07-01,5.365475239385398,-0.011106857499805802
2021-08-01,5.251271554874992,-0.011252280509098036
2021-09-01,5.390348855079163,-0.010182268881592054
2021-10-01,6.221868903328898,-0.008241455652167773
2021-11-01,6.809002839806477,-0.008913332337618816
2021-12-01,7.036402865545144,-0.009932374219511568
2022-01-01,7.479872468289117,-0.007017551251835032
2022-02-01,7.871063897739283,-0.005464656521668151
2022-03-01,8.542455554842432,-0.0035197258733099084
2022-04-01,8.258629340882372,0.0017640297128119417
2022-05-01,8.581511543676523,0.004281025333202834
2022-06-01,9.059757964784154,0.005155533270173766
2022-07-01,8.52481474562552,0.00148877737890208
2022-08-01,8.262692503116241,0.0033175451065863976
2022-09-01,8.20166964383362,0.009092205573547858
2022-10-01,7.7454273308049215,0.013616386403222581
2022-11-01,7.110322794191726,0.013688654542808213
2022-12-01,6.4544013314108195,0.011342129115989797
2023-01-01,6.410146968856267,0.011275241404374619
2023-02-01,6.035613077866597,0.012624520803579762
2023-03-01,4.984974122099173,0.01203369596440678
2023-04-01,4.930320398188925,0.011677807764298647
2023-05-01,4.047609272791974,0.011451043348243196
2023-06-01,2.9691776545588855,0.014778945123973018
2023-07-01,3.177780177942169,0.016985846639256636
2023-08-01,3.6651123843995492,0.018206616293801357
2023-09-01,3.69969812134443,0.019581298364001493
2023-10-01,3.241144651893202,0.02349412292920596
2023-11-01,3.1372707088417773,0.020572035262614873
2023-12-01,3.3521228314302265,0.015704851588670576
2024-01-01,3.0908847812280538,0.015396382945470667
2024-02-01,3.1531711208615976,0.01710322751856708
2024-03-01,3.4773850700380304,0.016802551550307677
2024-04-01,3.357363950119163,0.01948000269772163
2024-05-01,3.2690290569400204,0.01918404242907562
2024-06-01,2.971397107263307,0.017511483877598055
2024-07-01,2.8947531984913066,0.01749202457743734
2024-08-01,2.5307302964569622,0.013475343180227025
2024-09-01,2.440633031069983,0.012403354496904655
2024-10-01,2.597904904914672,0.016001546424876133
2024-11-01,2.7493803960905616,0.018607175234214866
2024-12-01,2.888057219980067,0.01846019457336334
2025-01-01,2.348768064017248,0.020695630107338214
2025-02-01,1.7281826208567885,0.02089394268566034
