Date,Predicted,Actual,RMSE
1960-01-01,3.9167432765458283,5.1609699366200505,1.2442266600742222
1960-02-01,4.2848433132244645,5.18574610393267,0.9009027907082059
1960-03-01,4.420401856571014,5.45390317248741,1.0335013159163955
1960-04-01,4.3604111481888985,4.94884347322754,0.5884323250386414
1960-05-01,4.457305098397668,3.74777730182829,0.7095277965693776
1960-06-01,4.197443477538531,3.29648614534536,0.9009573321931712
1960-07-01,4.4250602182079035,3.5268890757965203,0.8981711424113832
1960-08-01,4.33177259960836,3.70556454559889,0.6262080540094703
1960-09-01,4.605992989833981,4.57793660541414,0.028056384419840263
1960-10-01,4.853974075857145,5.02964133508956,0.17566725923241577
1960-11-01,4.580957524975991,4.63327085172033,0.05231332674433897
1960-12-01,4.384881649575364,5.02673350774369,0.6418518581683257
1961-01-01,3.9727652182670647,4.89482021718561,0.9220549989185454
1961-02-01,3.662009758351892,4.8460260605128,1.1840163021609085
1961-03-01,3.4361953526372924,4.7623029721759895,1.3261076195386972
1961-04-01,3.2482618627715114,4.81268619524073,1.5644243324692182
1961-05-01,3.185126139987653,4.51258875796443,1.327462617976777
1961-06-01,3.2958300986166673,4.38050706320893,1.084676964592263
1961-07-01,3.376399219203436,4.37901171458126,1.0026124953778242
1961-08-01,3.100832317016603,3.7674533436010202,0.6666210265844175
1961-09-01,3.2010906281561162,4.11377900502478,0.9126883768686636
1961-10-01,3.141503695167839,3.753836997554,0.612333302386161
1961-11-01,2.845256574531531,2.8104043479765,0.03485222655503062
1961-12-01,2.799739424778619,3.3538175321390797,0.5540781073604606
1962-01-01,3.093249449563027,4.17105826024299,1.0778088106799633
1962-02-01,3.0255007731814514,4.17319828251385,1.1476975093323984
1962-03-01,3.045201352111584,4.38205075226736,1.336849400155776
1962-04-01,3.33490236536142,4.83498633188741,1.50008396652599
1962-05-01,3.9633653445733543,5.51185985515312,1.5484945105797658
1962-06-01,5.063128671548601,6.827486498493821,1.7643578269452203
1962-07-01,4.904913010453841,6.47182822451888,1.5669152140650393
1962-08-01,4.695235860385356,6.52470935552145,1.829473495136094
1962-09-01,4.83366873991003,6.46807842201797,1.6344096821079397
1962-10-01,5.153975718345506,6.7708602152785495,1.6168844969330438
1962-11-01,4.585165660201039,6.5501446156986205,1.9649789554975818
1962-12-01,4.254823067775571,6.28718597966837,2.0323629118927986
1963-01-01,3.977456776085825,5.93553936842161,1.958082592335785
1963-02-01,3.906116378341549,5.33693062376707,1.4308142454255206
1963-03-01,3.9955356158356476,5.14264223292693,1.147106617091282
1963-04-01,3.666443753278126,4.3887278797796805,0.7222841265015543
1963-05-01,3.543894591334417,3.81264124453937,0.26874665320495295
1963-06-01,3.6011728143433634,3.5450858712644298,0.05608694307893369
1963-07-01,3.767220181350223,3.80775797658754,0.04053779523731693
1963-08-01,3.5839982418319956,3.14304775292979,0.44095048890220534
1963-09-01,3.4151175845575743,3.0299155865835403,0.385201997974034
1963-10-01,3.4435297090274553,3.34915360195571,0.09437610707174526
1963-11-01,3.5110097660759294,2.58233365244942,0.9286761136265094
1963-12-01,3.404030033270404,1.58805221746098,1.815977815809424
1964-01-01,3.2091962499833535,1.33926730124198,1.8699289487413735
1964-02-01,3.151044875959143,0.8083923909201599,2.3426524850389834
1964-03-01,3.0541765706074244,0.9253954388512999,2.1287811317561243
1964-04-01,2.987049497003799,0.21808639941738,2.768963097586419
1964-05-01,2.9571753770688938,-0.30149969916433,3.258675076233224
1964-06-01,3.0631144572826345,-0.27048679423669,3.3336012515193243
1964-07-01,2.8732595841039776,-1.89450392500539,4.7677635091093675
1964-08-01,2.998184288049605,-2.29906801013305,5.297252298182655
1964-09-01,2.9495252686031326,-3.5963149282603304,6.5458401968634625
1964-10-01,2.8819946670970893,-3.6528642143336696,6.534858881430759
1964-11-01,2.9070184994901695,-3.43272727812612,6.33974577761629
1964-12-01,3.0770966401537874,-3.96805567614091,7.045152316294697
1965-01-01,2.9577114582328816,-3.4755937557960803,6.433305214028962
1965-02-01,2.9627845167372575,-2.64890220948198,5.611686726219237
1965-03-01,3.0322501991532973,-2.21380649323538,5.246056692388677
1965-04-01,3.019119402222411,-2.22651252965739,5.245631931879801
1965-05-01,2.975424853510631,-1.81372001150913,4.789144865019761
1965-06-01,3.390936280400176,-1.08932144798304,4.480257728383216
1965-07-01,3.4481395802251518,-1.16709277278281,4.615232353007961
1965-08-01,3.3711816303502014,-2.1050276867498,5.476209317100001
1965-09-01,3.202857093542165,-2.58761315240095,5.790470245943115
1965-10-01,3.131069416863599,-2.37788032011569,5.5089497369792895
1965-11-01,3.127367978051895,-2.3561836699148597,5.483551647966754
1965-12-01,3.225291590667492,-2.45608214208239,5.681373732749883
1966-01-01,3.166043601304351,-1.77341607901369,4.939459680318041
1966-02-01,3.2936709422022235,-1.3016897705553299,4.595360712757554
1966-03-01,3.624081893047722,-0.81990886933697,4.443990762384692
1966-04-01,3.510875749692183,-1.00947336423591,4.520349113928093
1966-05-01,3.903290466999141,-0.60843084754333,4.511721314542471
1966-06-01,4.016393467921089,-0.48535843755380004,4.501751905474889
1966-07-01,4.0903006063760685,-0.24684475548130003,4.3371453618573685
1966-08-01,4.606309305313123,0.30032157325892,4.305987732054203
1966-09-01,4.901838394331718,0.83725961215932,4.064578782172398
1966-10-01,5.0441691717061445,0.58597346247946,4.458195709226684
1966-11-01,4.707370459925399,0.012934079183079998,4.694436380742319
1966-12-01,4.707497323932243,0.27983091447607,4.427666409456172
1967-01-01,4.469142714208438,-0.23003099633072,4.699173710539158
1967-02-01,4.2666447911496945,-0.9335880523184299,5.200232843468124
1967-03-01,4.161975572312187,-1.23251214475457,5.394487717066757
1967-04-01,4.100811462763344,-1.59759493259649,5.698406395359834
1967-05-01,4.03611557047163,-1.81037099513581,5.84648656560744
1967-06-01,4.170482822889012,-1.6593517526992798,5.829834575588292
1967-07-01,4.10774042462622,-1.74668251695804,5.85442294158426
1967-08-01,4.055047289471552,-2.13502055625495,6.190067845726501
1967-09-01,4.0141191682672765,-2.41328787929648,6.427407047563756
1967-10-01,4.070531954235564,-2.64164141012711,6.712173364362674
1967-11-01,4.323468875757143,-2.2791959816528,6.602664857409943
1967-12-01,4.1817427945903916,-2.58815124930902,6.769894043899411
1968-01-01,4.26249151910765,-2.92678669783916,7.189278216946811
1968-02-01,4.61988435722713,-2.6320637692261397,7.25194812645327
1968-03-01,4.79583160781981,-2.50148949914358,7.29732110696339
1968-04-01,4.353703907426142,-2.80887777353898,7.162581680965122
1968-05-01,4.25291349534871,-2.59576464920555,6.84867814455426
1968-06-01,4.150764081699453,-2.86096205249908,7.011726134198533
1968-07-01,4.23491065675722,-2.88994651085006,7.1248571676072805
1968-08-01,4.4336687009215066,-2.02599536456709,6.459664065488596
1968-09-01,4.27629593182168,-2.36989169817403,6.64618762999571
1968-10-01,4.191853099270351,-2.93677123627972,7.128624335550072
1968-11-01,4.149648480929726,-3.6643228172882596,7.813971298217986
1968-12-01,4.139932197816165,-3.6194372497889398,7.7593694476051045
1969-01-01,4.474820621608908,-2.88721016447751,7.362030786086418
1969-02-01,4.5797895570644185,-3.0255130155565397,7.605302572620959
1969-03-01,4.8185465536727765,-2.6294536014482497,7.448000155121026
1969-04-01,4.749477524230493,-2.67142145027811,7.420898974508603
1969-05-01,4.581051114756307,-3.2877791186195098,7.868830233375817
1969-06-01,5.01402428242294,-2.61559920870978,7.629623491132721
1969-07-01,5.408489646075075,-2.1122186476369698,7.520708293712044
1969-08-01,5.51199256895192,-1.64423305545108,7.156225624403
1969-09-01,5.526122418320622,-1.6346310010965301,7.160753419417151
1969-10-01,5.507294014313136,-2.12596026719444,7.633254281507576
1969-11-01,5.513853331370758,-2.2925778303101296,7.806431161680887
1969-12-01,5.997750410978052,-1.41370359892347,7.411454009901522
1970-01-01,6.106936511108124,-1.1477621398428501,7.254698650950974
1970-02-01,6.460914070362136,-0.48549116449231,6.9464052348544465
1970-03-01,6.376558205379188,-1.6882974241758602,8.064855629555048
1970-04-01,6.7226835027547365,-1.56181912689615,8.284502629650886
1970-05-01,7.9010237224494695,0.03291134671612,7.868112375733349
1970-06-01,8.027329993471842,0.6684580177345101,7.3588719757373315
1970-07-01,8.07442487239912,1.15743139559907,6.916993476800051
1970-08-01,7.798235898761569,1.10893055109326,6.689305347668309
1970-09-01,7.296288986120826,0.73995040543766,6.556338580683167
1970-10-01,7.1529188439545575,0.77786185512358,6.375056988830978
1970-11-01,7.219473065765173,1.18102797955617,6.038445086209003
1970-12-01,6.669831978482215,0.31555751529843,6.354274463183785
1971-01-01,6.35137695076036,-0.16709123430016,6.51846818506052
1971-02-01,6.062640352536722,-0.9586367071483001,7.021277059685022
1971-03-01,5.887016291809271,-0.87534280564596,6.7623590974552314
1971-04-01,5.6518411859747575,-1.14716032578183,6.799001511756588
1971-05-01,5.8128553681991315,-1.2261023454120101,7.038957713611142
1971-06-01,6.03727318248598,-0.9966835847881401,7.03395676727412
1971-07-01,6.1299886117649836,-1.23612564954272,7.366114261307704
1971-08-01,6.3144564664504195,-1.05667923166085,7.371135698111269
1971-09-01,6.140851330700813,-2.24577441579947,8.386625746500282
1971-10-01,6.356054433736708,-1.89054545665326,8.246599890389968
1971-11-01,6.785697586570304,-1.18648291712324,7.9721805036935445
1971-12-01,6.256287955441046,-1.73583700374462,7.992124959185666
1972-01-01,5.9280187856674695,-2.6714873596010698,8.599506145268538
1972-02-01,5.83273168517481,-3.0433439385573102,8.87607562373212
1972-03-01,5.676953996973968,-3.5287453923462198,9.205699389320188
1972-04-01,5.628736224701052,-3.1522616565126302,8.780997881213683
1972-05-01,5.742556025171357,-3.0896914942138,8.832247519385156
1972-06-01,5.753986304082513,-3.75913440646755,9.513120710550062
1972-07-01,5.867744829519079,-3.69041667214332,9.558161501662399
1972-08-01,5.623496293653829,-3.96823426517599,9.591730558829818
1972-09-01,5.773306202485341,-2.74370415822574,8.517010360711081
1972-10-01,5.812188905670481,-1.93714234420522,7.7493312498757
1972-11-01,5.461304839447531,-1.96464527480457,7.425950114252101
1972-12-01,5.3385673297602665,-1.99361000495763,7.332177334717897
1973-01-01,5.315645935851642,-1.70929714051176,7.024943076363402
1973-02-01,5.66485958846617,-1.10896569389608,6.77382528236225
1973-03-01,5.881724910578432,-0.50631756542042,6.388042475998852
1973-04-01,6.108941923893881,0.06599084043763,6.042951083456251
1973-05-01,6.4235149589525395,0.76997385593502,5.6535411030175196
1973-06-01,6.696340520587834,1.18665240778284,5.509688112804994
1973-07-01,6.646786987346082,1.11858986483297,5.528197122513112
1973-08-01,6.9979803225067085,1.18959062608101,5.8083896964256985
1973-09-01,6.87565838743726,1.29162795818476,5.5840304292525
1973-10-01,6.619321526210659,0.99629290667921,5.623028619531449
1973-11-01,7.380785059647846,1.6454975003629801,5.735287559284866
1973-12-01,8.20571095763043,2.4077050220234,5.79800593560703
1974-01-01,8.170721163084801,2.42294438662571,5.747776776459091
1974-02-01,8.630691790662917,2.22301865028164,6.407673140381277
1974-03-01,8.332705672428574,1.92050133382453,6.4122043386040435
1974-04-01,8.979065042394993,2.4697271508143,6.509337891580692
1974-05-01,9.504943191229728,2.82305605523798,6.681887135991747
1974-06-01,9.610447775351176,2.63903108821164,6.971416687139536
1974-07-01,11.362005639313702,3.83215556718379,7.529850072129912
1974-08-01,12.182851268996082,5.23983758513104,6.943013683865042
1974-09-01,14.161872382687754,6.580788021937729,7.581084360750025
1974-10-01,14.064130007797017,6.361215896785439,7.7029141110115775
1974-11-01,13.703888352735436,6.18952509985482,7.514363252880616
1974-12-01,15.059554626045522,6.86608257196788,8.193472054077642
1975-01-01,13.804926537430351,6.49319145396334,7.311735083467011
1975-02-01,12.363241519460896,6.0315045360044,6.331736983456496
1975-03-01,11.758542745324352,5.467849026249301,6.290693719075051
1975-04-01,11.664782440474085,5.4102054931585295,6.254576947315555
1975-05-01,10.858483682766119,5.03077420472255,5.827709478043569
1975-06-01,10.61123841255083,5.0408871619805,5.570351250570329
1975-07-01,10.753114844037945,5.32700790039371,5.4261069436442355
1975-08-01,11.907304143982845,5.8963523143215,6.010951829661345
1975-09-01,12.182428747840891,5.81467708071863,6.367751667122262
1975-10-01,11.564823753730035,5.478083843122071,6.086739910607965
1975-11-01,11.413234363589039,5.97010097401355,5.443133389575489
1975-12-01,11.695169014290656,6.654074724163039,5.041094290127616
1976-01-01,10.401997193646633,5.75552004614769,4.646477147498943
1976-02-01,9.908001100268363,5.9759385545582395,3.9320625457101235
1976-03-01,9.853165629758344,6.59650765760719,3.256657972151154
1976-04-01,9.783995033850086,6.8264915193053,2.9575035145447863
1976-05-01,9.971447819889438,6.966340640356659,3.0051071795327786
1976-06-01,9.95591539778696,7.19846534420483,2.7574500535821302
1976-07-01,9.698566099854247,6.77854120560914,2.920024894245107
1976-08-01,9.88721433213021,7.11628335415959,2.77093097797062
1976-09-01,9.6365733991112,6.58168442116924,3.0548889779419595
1976-10-01,10.195729195669854,6.9544710671768595,3.241258128492994
1976-11-01,10.317373703423147,7.3741610091351895,2.9432126942879577
1976-12-01,9.876275090832376,7.183943193708201,2.692331897124175
1977-01-01,10.071855588000187,7.92373673156512,2.148118856435066
1977-02-01,10.62440908589922,8.93394897560515,1.6904601102940706
1977-03-01,10.788740705099649,9.43201595783886,1.3567247472607882
1977-04-01,11.16164874961532,9.50215626131854,1.659492488296781
1977-05-01,11.293961225645294,9.52949361660973,1.764467609035563
1977-06-01,11.324852125961142,9.94754033381055,1.377311792150591
1977-07-01,11.270855282185671,10.17057469131228,1.1002805908733908
1977-08-01,11.737295502738451,11.072523406677389,0.6647720960610624
1977-09-01,12.069393227171798,10.840109360941371,1.2292838662304266
1977-10-01,12.59391282963806,9.70059401393503,2.8933188157030294
1977-11-01,12.602788040349939,8.20694448285066,4.395843557499278
1977-12-01,12.768192554903838,8.1048218319675,4.663370722936337
1978-01-01,13.611411377666938,8.971822063712121,4.639589313954817
1978-02-01,14.025437883197323,9.477266521704369,4.548171361492955
1978-03-01,14.237302851964934,9.836358000947131,4.400944851017803
1978-04-01,13.596653776951005,9.25189488884892,4.344758888102085
1978-05-01,12.884159257281592,8.49227002526282,4.391889232018771
1978-06-01,13.053154145888909,9.12427446160417,3.9288796842847393
1978-07-01,13.303010788989758,9.13467085775028,4.168339931239478
1978-08-01,12.204419876944826,8.18158447201311,4.022835404931715
1978-09-01,12.35341799913028,8.35417319112878,3.9992448080014995
1978-10-01,13.117268928999668,9.12731891750973,3.989950011489938
1978-11-01,14.381806618441342,9.55532222395814,4.826484394483202
1978-12-01,14.213047438335586,9.629254190730279,4.583793247605307
1979-01-01,13.703688659889723,9.60033615161357,4.103352508276153
1979-02-01,14.256632939236034,10.156353988021149,4.100278951214886
1979-03-01,14.120643904771653,9.93159807436503,4.189045830406622
1979-04-01,13.994270332122149,10.10617980298147,3.888090529140678
1979-05-01,14.76150424349154,10.8400152970846,3.9214889464069405
1979-06-01,14.636213287905772,11.04179791658224,3.5944153713235316
1979-07-01,14.706013744794557,11.287090177119929,3.4189235676746286
1979-08-01,14.03708467903893,11.34078443352586,2.6963002455130702
1979-09-01,14.071685940862231,11.30555260361936,2.766133337242872
1979-10-01,15.066292738436157,11.75345005739023,3.312842681045927
1979-11-01,15.474012555000616,11.66186041560251,3.8121521393981066
1979-12-01,14.92489092784357,11.581447133810329,3.3434437940332415
1980-01-01,14.675887266948589,11.01402082141322,3.6618664455353684
1980-02-01,14.210055788254532,10.35778271132481,3.8522730769297215
1980-03-01,16.647980008717504,11.78175713323863,4.866222875478874
1980-04-01,17.33524897534392,12.04204269759121,5.293206277752709
1980-05-01,16.578804969419767,11.998882624858789,4.579922344560979
1980-06-01,15.473904126751544,11.66744129574879,3.8064628310027544
1980-07-01,14.55997242411792,11.10316674280786,3.45680568131006
1980-08-01,14.110218039151674,9.79691859901767,4.313299440134003
1980-09-01,13.821785996613595,9.0057723227128,4.816013673900795
1980-10-01,13.467319298219547,8.43323771458806,5.034081583631487
1980-11-01,12.857048812938167,8.32776648239526,4.529282330542907
1980-12-01,13.384324438891266,9.05256609547462,4.331758343416645
1981-01-01,13.655233923043351,8.999376528357491,4.65585739468586
1981-02-01,14.61894169803459,10.64422441133434,3.9747172867002494
1981-03-01,14.04161549263701,10.58547408601895,3.4561414066180607
1981-04-01,14.031956186837903,10.74859855654792,3.2833576302899825
1981-05-01,14.649703905673128,10.96327145013311,3.686432455540018
1981-06-01,14.778635912258544,10.97245625758118,3.806179654677363
1981-07-01,15.57985130022702,11.39085753991322,4.188993760313799
1981-08-01,15.699374310799671,11.64852364920596,4.050850661593712
1981-09-01,18.085798208935742,12.645967903323442,5.4398303056123005
1981-10-01,17.871810400301015,12.481013401317021,5.390796998983994
1981-11-01,17.369093588717256,12.14905586663286,5.220037722084395
1981-12-01,17.297952101398234,12.149326611580449,5.1486254898177854
1982-01-01,18.73017655172292,13.525435079719369,5.204741472003551
1982-02-01,19.466256092029823,13.671369118165039,5.794886973864784
1982-03-01,20.34371186819722,13.80266687949665,6.5410449887005715
1982-04-01,19.21230006589205,13.25950616870195,5.9527938971901015
1982-05-01,19.464240072853187,13.51777288868461,5.9464671841685774
1982-06-01,21.433775437407487,14.08243126750017,7.351344169907318
1982-07-01,21.67736443731348,14.30515212015299,7.372212317160489
1982-08-01,21.671818351230453,14.31275985462921,7.359058496601243
1982-09-01,18.779579142466048,13.04857160174579,5.731007540720258
1982-10-01,16.86197007522808,11.95215720640898,4.909812868819099
1982-11-01,15.877562029487288,11.72542550530035,4.152136524186938
1982-12-01,15.559813553214006,11.89690134360594,3.6629122096080664
1983-01-01,14.822911619803854,11.45070153701413,3.3722100827897243
1983-02-01,14.451659654635819,11.37872294809714,3.0729367065386786
1983-03-01,13.704486939017436,11.15459652345689,2.5498904155605455
1983-04-01,13.054522975075677,10.59706013415338,2.4574628409222967
1983-05-01,12.35479231477685,10.25041728369018,2.1043750310866702
1983-06-01,12.107449734053075,10.171755700388479,1.9356940336645962
1983-07-01,12.075479578042035,10.14482829963423,1.9306512784078045
1983-08-01,12.635273225089115,10.60906739376594,2.0262058313231748
1983-09-01,12.123115137028261,10.42953585223243,1.693579284795831
1983-10-01,12.080920971052313,10.48168317811664,1.5992377929356731
1983-11-01,12.368520491784242,10.623588135321329,1.744932356462913
1983-12-01,12.437306933707083,10.74634707816972,1.690959855537363
1984-01-01,12.26707401743163,10.79876312683869,1.4683108905929405
1984-02-01,13.441204296733847,11.3896717110254,2.051532585708447
1984-03-01,13.418715722139614,11.16473904524248,2.2539766768971337
1984-04-01,13.449805514858582,10.76962112399326,2.680184390865321
1984-05-01,13.593550767317877,10.938875012197501,2.654675755120376
1984-06-01,14.076459646151564,11.2629945585579,2.8134650875936646
1984-07-01,14.385846588029565,11.31938853423488,3.066458053794685
1984-08-01,12.658394021415592,10.6764695039567,1.9819245174588929
1984-09-01,12.481893654691222,10.63501794532386,1.846875709367362
1984-10-01,12.599459222149978,10.65557673390629,1.9438824882436876
1984-11-01,12.338339857209721,10.45845846160276,1.8798813956069615
1984-12-01,12.47074435782638,10.42288377667199,2.0478605811543904
1985-01-01,11.62817446755101,10.1602663507621,1.4679081167889105
1985-02-01,10.716378465281814,9.9615297703139,0.7548486949679134
1985-03-01,10.886963539144489,10.29732942127608,0.5896341178684086
1985-04-01,10.818845082008362,10.54959502085612,0.2692500611522419
1985-05-01,10.448990831724773,10.63475615535809,0.18576532363331744
1985-06-01,10.113866078124508,10.71565193131705,0.601785853192542
1985-07-01,9.814998808016263,10.87620855965088,1.0612097516346175
1985-08-01,10.187891102535398,11.1312213640113,0.9433302614759018
1985-09-01,10.58560428044887,11.75911215132323,1.17350787087436
1985-10-01,10.42767673156643,11.699545839275661,1.2718691077092306
1985-11-01,9.489859243663158,11.30360579625291,1.8137465525897518
1985-12-01,8.765174122323508,11.13832933132175,2.3731552089982415
1986-01-01,8.719309882716592,11.03866339872452,2.3193535160079275
1986-02-01,7.897712358830571,10.99405597776628,3.096343618935709
1986-03-01,7.034832458169337,10.20065508737588,3.1658226292065432
1986-04-01,6.675376922835277,9.86214540478656,3.186768481951283
1986-05-01,6.664486071332378,10.07337068963858,3.4088846183062014
1986-06-01,6.3565735229791365,9.92715282481846,3.5705793018393237
1986-07-01,6.6007361015325365,9.71748687483542,3.1167507733028827
1986-08-01,6.350935711082271,9.80155292754698,3.4506172164647095
1986-09-01,6.738650874542691,10.31088235866306,3.572231484120368
1986-10-01,6.774587593025422,10.74210452551678,3.9675169324913577
1986-11-01,6.353363180572641,10.89262320822423,4.539260027651588
1986-12-01,6.16145776348845,10.84688733372283,4.68542957023438
1987-01-01,5.4680019423256,10.521712997774289,5.053711055448689
1987-02-01,4.805570713287891,10.30666167005045,5.501090956762559
1987-03-01,4.397604759826158,9.78808838023976,5.390483620413602
1987-04-01,4.551449089790077,9.547154030797241,4.995704941007165
1987-05-01,4.574815617900042,10.54416961724187,5.969353999341828
1987-06-01,4.150762000844336,10.657640898187081,6.5068788973427445
1987-07-01,3.864698219127191,10.950345027898202,7.085646808771011
1987-08-01,3.307512827081837,10.33421753377836,7.026704706696524
1987-09-01,3.6556188035939456,10.83585202171864,7.180233218124695
1987-10-01,5.008567261012489,12.42782151631709,7.419254255304601
1987-11-01,6.595043634708892,13.79844068422759,7.203397049518697
1987-12-01,6.779466492680436,14.26218669849701,7.482720205816573
1988-01-01,6.300683524737772,13.823197341745061,7.522513817007289
1988-02-01,5.94873450647646,14.16558931135902,8.216854804882558
1988-03-01,5.640971825335177,14.421543923692301,8.780572098357124
1988-04-01,5.826557945493791,14.94515538637941,9.118597440885619
1988-05-01,6.159140104539032,15.191947926139179,9.032807821600146
1988-06-01,5.55171853304128,14.57054956333074,9.01883103028946
1988-07-01,5.6724744094551545,15.142125977307899,9.469651567852743
1988-08-01,5.9637867903560355,14.545422414527632,8.581635624171597
1988-09-01,5.856745542354203,13.816317729335669,7.9595721869814655
1988-10-01,5.502632868783948,13.54781360533008,8.045180736546133
1988-11-01,5.787014575492833,14.98002183797238,9.193007262479547
1988-12-01,5.579657605920909,15.204074375042179,9.62441676912127
1989-01-01,5.2847385117327175,15.40282261614802,10.118084104415303
1989-02-01,5.0109021440687265,15.05428762996861,10.043385485899883
1989-03-01,5.127319128591007,15.43588922808678,10.308570099495771
1989-04-01,4.856445744137887,15.503405201669501,10.646959457531615
1989-05-01,4.528411851558609,15.09207545662996,10.563663605071351
1989-06-01,4.247742241853285,14.665589177332139,10.417846935478854
1989-07-01,4.030709256246472,14.84937641555732,10.818667159310849
1989-08-01,3.6365361286996194,13.875801545657529,10.23926541695791
1989-09-01,3.6473702058760065,13.73748080972197,10.090110603845963
1989-10-01,3.686397321076198,13.59339406589825,9.906996744822052
1989-11-01,3.9028532599456742,14.60558355437451,10.702730294428836
1989-12-01,3.6835404536365806,14.63144713868969,10.947906685053109
1990-01-01,4.012207028535932,14.957948186985739,10.945741158449806
1990-02-01,4.327258772798385,14.949605587691849,10.622346814893465
1990-03-01,4.1351590038996875,15.05498211022891,10.919823106329222
1990-04-01,4.147933581334483,15.206116521608429,11.058182940273946
1990-05-01,3.8282953285596086,14.45448642741518,10.626191098855571
1990-06-01,3.6079928866433733,14.455410232536181,10.847417345892808
1990-07-01,3.645042173828113,14.55014884430765,10.905106670479537
1990-08-01,4.535255173244158,15.70564545635939,11.170390283115232
1990-09-01,5.099909272904184,16.13032227149107,11.030412998586886
1990-10-01,5.440595809993333,15.83035448252367,10.389758672530338
1990-11-01,5.173301010772318,15.41975191319529,10.246450902422971
1990-12-01,4.73153471380024,14.522336198855989,9.790801485055749
1991-01-01,4.885457421056473,14.649112480055958,9.763655058999486
1991-02-01,3.8517359242894127,13.12398388639966,9.272247962110248
1991-03-01,3.6128792254192463,11.707815588530531,8.094936363111284
1991-04-01,3.4474525317713107,11.48066049088081,8.0332079591095
1991-05-01,3.50635511310219,12.227332751167399,8.720977638065209
1991-06-01,3.517179854777021,11.9315518156239,8.414371960846879
1991-07-01,3.4752513469107154,11.591094263251819,8.115842916341103
1991-08-01,3.28358814094784,11.0991402751023,7.81555213415446
1991-09-01,3.357683797543599,9.81340932644538,6.45572552890178
1991-10-01,3.3662171624208392,10.19140251591708,6.825185353496241
1991-11-01,3.3989018234553825,10.78517203724971,7.386270213794328
1991-12-01,3.331559437009684,10.895246905515311,7.563687468505627
1992-01-01,2.7640509765271313,10.06883892416612,7.304787947638988
1992-02-01,2.8465875077268272,9.75652099875556,6.909933491028733
1992-03-01,2.977210628317052,10.39346842654096,7.416257798223907
1992-04-01,2.978893536415546,9.92473008658469,6.945836550169144
1992-05-01,2.8387919752305617,9.40228370768159,6.563491732451029
1992-06-01,2.9863933479865885,8.91511606171029,5.928722713723701
1992-07-01,2.874158467886433,7.48956599860077,4.615407530714337
1992-08-01,2.845732435659273,7.50521177233505,4.659479336675777
1992-09-01,2.8621496641191433,6.954487764106029,4.092338099986886
1992-10-01,3.001588318480519,6.95463672685392,3.9530484083734008
1992-11-01,2.8224454446187712,7.36587144992082,4.543426005302049
1992-12-01,2.595734736196583,6.92570001637469,4.329965280178107
1993-01-01,2.6425064272543004,6.89205544225497,4.249549015000669
1993-02-01,2.5634432632131263,5.96008359866011,3.3966403354469836
1993-03-01,2.455298853894119,5.84589498500141,3.3905961311072907
1993-04-01,2.5958327154714294,6.58908204128838,3.993249325816951
1993-05-01,2.574418323145795,7.09717971550787,4.522761392362075
1993-06-01,2.542183668345791,7.603362047263119,5.061178378917329
1993-07-01,2.557723522541462,7.64915778473942,5.091434262197958
1993-08-01,2.470735569541014,7.43238863252457,4.961653062983556
1993-09-01,2.4083833039613483,7.60979634683007,5.2014130428687215
1993-10-01,2.3691108775085734,7.7493239381001,5.380213060591527
1993-11-01,2.393210113736301,7.91503760691609,5.521827493179789
1993-12-01,2.350341484744865,8.15754678080959,5.8072052960647245
1994-01-01,2.2682316937043003,8.46988855046779,6.201656856763489
1994-02-01,2.3170685057883436,8.574091689351459,6.257023183563115
1994-03-01,2.4632244476856027,8.525798551833901,6.062574104148299
1994-04-01,2.7434581150172503,8.98080685186901,6.23734873685176
1994-05-01,2.691329229716877,8.52781230578767,5.836483076070793
1994-06-01,2.6570787937976936,8.71658207274506,6.059503278947367
1994-07-01,2.739783264114206,8.5737172821608,5.833934018046594
1994-08-01,2.570071412177917,8.1315070024978,5.561435590319883
1994-09-01,2.555597846029273,8.34676666405329,5.791168818024016
1994-10-01,2.6202845685435596,8.35632992767434,5.73604535913078
1994-11-01,2.6882216088966064,8.91193770790323,6.223716099006623
1994-12-01,2.7994579778943844,9.35812392019217,6.558665942297786
1995-01-01,2.6848872203384406,8.9664153638161,6.28152814347766
1995-02-01,2.476703588692586,8.72089988587272,6.244196297180134
1995-03-01,2.357330408786482,8.37050012168041,6.013169712893927
1995-04-01,2.196684853503439,7.72831598298422,5.531631129480781
1995-05-01,2.0239403967030514,7.54908214365983,5.525141746956779
1995-06-01,1.8682956308096355,7.46034625581,5.592050625000365
1995-07-01,1.6823953875028925,7.22891264589864,5.546517258395747
1995-08-01,1.7084366454048805,7.18060562370286,5.472168978297979
1995-09-01,1.530061842904204,6.71119034729692,5.181128504392716
1995-10-01,1.5348564650161194,6.34450961532198,4.809653150305861
1995-11-01,1.4259164694766921,6.58897390429147,5.163057434814778
1995-12-01,1.2586224666577053,6.496255336682689,5.237632870024984
1996-01-01,1.3249308392982027,6.615468706570771,5.290537867272568
1996-02-01,1.0422316687189133,6.0167400392254695,4.974508370506556
1996-03-01,1.124245268164871,6.19064776461455,5.066402496449679
1996-04-01,1.1768718181069948,6.20512836494946,5.028256546842465
1996-05-01,1.092794473086169,5.84254181691858,4.749747343832411
1996-06-01,1.064330734631782,5.40459480031398,4.340264065682198
1996-07-01,1.3298780283976566,5.843108413894741,4.513230385497084
1996-08-01,1.2030413720254476,5.76172699588211,4.558685623856662
1996-09-01,1.1475699882858095,5.89982956848207,4.75225958019626
1996-10-01,0.9754123307222242,5.93963145995295,4.964219129230726
1996-11-01,0.754448674829928,5.66370380665641,4.909255131826482
1996-12-01,0.7354338048611098,5.74681654788964,5.0113827430285305
1997-01-01,0.6275743462034704,5.48229600836782,4.85472166216435
1997-02-01,0.46957255555623245,5.17636525158251,4.706792696026278
1997-03-01,0.5664040954976395,4.91009543678802,4.343691341290381
1997-04-01,0.8113236076350416,5.65107359687875,4.839749989243709
1997-05-01,0.3985593064606485,5.0030348621763,4.604475555715651
1997-06-01,0.20186733874594598,4.48739432460616,4.285526985860214
1997-07-01,0.0004343395552339757,3.9815058756798605,3.9810715361246265
1997-08-01,0.04790821828324354,3.53868380152653,3.4907755832432863
1997-09-01,0.06056441357473652,3.72705654917298,3.6664921355982436
1997-10-01,0.05115998804222688,3.8672622302991804,3.8161022422569535
1997-11-01,0.14860273678052938,3.40917091847767,3.2605681816971406
1997-12-01,0.06368565394274661,3.2618370675246,3.1981514135818534
1998-01-01,0.09822006541928108,2.4993227029100398,2.4011026374907587
1998-02-01,-0.129215116825244,1.6942273310250802,1.8234424478503242
1998-03-01,-0.2998565376906921,0.83194071987042,1.1317972575611122
1998-04-01,-0.3881670646598163,0.8710108398669301,1.2591779045267464
1998-05-01,-0.33504660992931434,1.0828973340422499,1.4179439439715642
1998-06-01,-0.3017157363749279,0.5449997015311401,0.846715437906068
1998-07-01,-0.43486113544828564,-0.55921781873471,0.12435668328642435
1998-08-01,-0.10578160080476184,0.42377678677378,0.5295583875785419
1998-09-01,0.14543429032021304,0.4553248915591,0.30989060123888695
1998-10-01,0.12953876340543502,-1.7876654765095201,1.9172042399149551
1998-11-01,-0.2728787988243977,-3.4893972974395497,3.216518498615152
1998-12-01,-0.40153851053156675,-3.81667681586419,3.4151383053326234
1999-01-01,-0.544755315600653,-4.41315106295773,3.8683957473570767
1999-02-01,-0.5051309245902473,-5.1036317712709,4.598500846680652
1999-03-01,-0.5637048496385386,-5.92388358346658,5.360178733828041
1999-04-01,-0.6501872423710728,-5.17514022966861,4.524952987297537
1999-05-01,-0.6102636425910131,-4.5803686968187,3.9701050542276866
1999-06-01,-0.5497966391173912,-4.33369527184962,3.7838986327322286
1999-07-01,-0.6481029442706681,-4.59163368629911,3.943530742028442
1999-08-01,-0.4642253431913308,-3.47209201276808,3.007866669576749
1999-09-01,-0.3792579598901962,-3.02749587804969,2.6482379181594937
1999-10-01,-0.27955284816751114,-2.66476233547841,2.385209487310899
1999-11-01,-0.46518499763732546,-3.13156393685365,2.6663789392163246
1999-12-01,-0.5054440755388434,-3.16992645492846,2.6644823793896166
2000-01-01,-0.43754299018136233,-3.03223938877084,2.5946963985894778
2000-02-01,-0.28111252152614696,-3.01940942691859,2.738296905392443
2000-03-01,-0.33152645813553017,-2.79436462995652,2.46283817182099
2000-04-01,-0.3220964012393095,-2.55326189447415,2.2311654932348404
2000-05-01,-0.16815064615857844,-2.85905450788018,2.6909038617216017
2000-06-01,-0.19898249148470448,-3.44988684323145,3.2509043517467453
2000-07-01,-0.16155930833471155,-3.5265021397115395,3.364942831376828
2000-08-01,-0.134690773884659,-3.5469471616875996,3.4122563878029406
2000-09-01,-0.029101545014766472,-3.07667117128989,3.0475696262751235
2000-10-01,0.21024886842941504,-2.11431941942695,2.324568287856365
2000-11-01,0.28501114899137336,-1.7954377618990098,2.080448910890383
2000-12-01,0.45262927639024264,-1.12589100071361,1.5785202771038527
2001-01-01,0.505950408361767,-0.81823413419265,1.324184542554417
2001-02-01,0.648262532300703,-0.30405623200556003,0.9523187643062629
2001-03-01,1.0941614724936102,0.46247634573559004,0.6316851267580201
2001-04-01,1.1369890076208442,0.6139016245044701,0.5230873831163741
2001-05-01,0.9208651109958401,0.01086934960339,0.9099957613924501
2001-06-01,1.069121792845976,-0.09261741201780001,1.161739204863776
2001-07-01,1.2099453124536161,0.44659785179834,0.7633474606552761
2001-08-01,1.335623730128623,-0.47214672146069997,1.807770451589323
2001-09-01,1.9454105060675584,0.67289873996547,1.2725117661020884
2001-10-01,1.8048777242900513,0.643920712841,1.1609570114490513
2001-11-01,1.5960267603910063,0.31638813101837,1.2796386293726363
2001-12-01,1.5424086097187155,0.31054556620513,1.2318630435135856
2002-01-01,1.5958058601515268,0.78905068108023,0.8067551790712968
2002-02-01,1.8002758010235267,1.54228890340064,0.25798689762288673
2002-03-01,1.635001988018614,1.32139940358819,0.313602584430424
2002-04-01,1.8531454376714778,1.70681775400576,0.1463276836657177
2002-05-01,2.0166818965342017,1.69052596254353,0.32615593399067166
2002-06-01,2.3487174022919812,2.21537037840957,0.13334702388241126
2002-07-01,2.995344583110878,3.7123546768372297,0.7170100937263517
2002-08-01,2.974979161261112,3.91791761921036,0.9429384579492481
2002-09-01,3.294580104715865,4.70807672275339,1.4134966180375246
2002-10-01,3.4136234799882246,4.851198970971541,1.437575490983316
2002-11-01,3.0595574114372397,3.93084778592571,0.8712903744884701
2002-12-01,3.1301297375444483,4.2685327215542,1.1384029840097516
2003-01-01,3.190301234501522,4.74403953858399,1.5537383040824677
2003-02-01,3.658898303454623,5.67926132155189,2.0203630180972674
2003-03-01,3.636742863093822,5.86177246128232,2.225029598188498
2003-04-01,3.332922131349701,5.45828504479284,2.125362913443139
2003-05-01,3.050068646485987,5.3484219096966195,2.2983532632106325
2003-06-01,2.7800439562381003,4.634469993842201,1.8544260376041004
2003-07-01,2.7843523753682904,4.91512320244629,2.130770827078
2003-08-01,2.8445248610313962,4.986392073794979,2.141867212763583
2003-09-01,2.7288562147675695,4.80619610559223,2.0773398908246605
2003-10-01,2.6523956785323883,4.83098827621542,2.1785925976830316
2003-11-01,2.6136224190065267,5.0951445981842705,2.4815221791777438
2003-12-01,2.49696916242619,4.92622033538778,2.4292511729615898
2004-01-01,2.3304700460250984,4.53476479357468,2.2042947475495813
2004-02-01,2.348332474054634,4.42598385157042,2.077651377515786
2004-03-01,2.4984514082317686,4.87222802562943,2.3737766173976613
2004-04-01,2.511158722071586,4.79138775180507,2.280229029733484
2004-05-01,2.711614014681163,5.24854930284026,2.536935288159097
2004-06-01,2.631034561022639,5.29693897626046,2.665904415237821
2004-07-01,2.7795496476399153,5.67984861036627,2.900298962726355
2004-08-01,2.896588678078679,5.8056338623077,2.9090451842290213
2004-09-01,2.810858766765854,5.71611617416787,2.905257407402016
2004-10-01,2.8746779180538993,5.50411882830355,2.629440910249651
2004-11-01,2.686969465921159,5.66035617007723,2.973386704156071
2004-12-01,2.58065904889333,5.46433381714257,2.8836747682492403
2005-01-01,2.694727568485234,5.56181163034623,2.867084061860996
2005-02-01,2.6811623943799985,5.69519220246994,3.0140298080899415
2005-03-01,2.7692542775223306,5.74772206871643,2.9784677911940998
2005-04-01,2.959677186848887,6.14817757626526,3.188500389416373
2005-05-01,2.925289502535307,6.04584004668793,3.120550544152623
2005-06-01,2.8589804694006635,5.73956195207783,2.8805814826771665
2005-07-01,2.831804440533734,5.58988164398452,2.758077203450786
2005-08-01,2.878757976153716,5.36713310733487,2.488375131181154
2005-09-01,2.9616173584449133,4.996802399340701,2.0351850408957874
2005-10-01,3.1406878447856528,5.74823595004223,2.607548105256577
2005-11-01,2.9460897297464745,5.58018090351664,2.634091173770165
2005-12-01,2.8645745155086457,5.23292868934852,2.368354173839874
2006-01-01,2.8724661852432973,4.44690157548457,1.5744353902412724
2006-02-01,2.924110676850855,4.40345535412995,1.4793446772790952
2006-03-01,2.921379894531026,4.90738770319783,1.9860078086668036
2006-04-01,2.9654865764927845,5.15635443303439,2.1908678565416055
2006-05-01,3.068462459574768,5.21689604023682,2.1484335806620525
2006-06-01,3.2540828396528276,5.60403298919809,2.349950149545262
2006-07-01,3.2731135781456935,5.91955006262614,2.6464364844804464
2006-08-01,3.2112210603826226,5.81686874075553,2.6056476803729076
2006-09-01,3.1066766144003926,5.4290515744344,2.3223749600340073
2006-10-01,2.955111352621855,4.931731244385349,1.9766198917634945
2006-11-01,2.8991508029598743,4.84974079173683,1.9505899887769553
2006-12-01,2.8510261482918606,5.04493547699509,2.1939093287032296
2007-01-01,2.8748888604940563,5.093299693814,2.2184108333199437
2007-02-01,2.8680779729422845,5.21733038014484,2.349252407202555
2007-03-01,3.063473628914759,5.75149553665643,2.6880219077416707
2007-04-01,2.9432998142594693,5.34004999617183,2.3967501819123607
2007-05-01,2.8603092579152616,5.22068436002409,2.3603751021088284
2007-06-01,2.8912208159477064,5.38065470688235,2.4894338909346434
2007-07-01,2.9012662246018524,5.42842748564365,2.5271612610417975
2007-08-01,3.12171953708191,5.85695348184871,2.7352339447668
2007-09-01,3.027199991296988,5.6832789146238705,2.6560789233268824
2007-10-01,2.934969203570807,5.68610103679492,2.751131833224113
2007-11-01,3.214978508397948,6.43827863847303,3.2233001300750823
2007-12-01,3.1785647357011504,6.609052562655799,3.430487826954649
2008-01-01,3.556201296313792,7.84918940401908,4.2929881077052885
2008-02-01,3.669705495963692,7.685881821312369,4.0161763253486775
2008-03-01,3.8699988642040615,8.04868574665016,4.178686882446097
2008-04-01,3.6953200535514608,7.44250375074966,3.7471836971981993
2008-05-01,3.6178297500878585,7.4248898963235,3.8070601462356417
2008-06-01,3.9058716738969683,8.20913522187174,4.3032635479747725
2008-07-01,4.290502757465885,9.117276894396339,4.826774136930454
2008-08-01,4.149610864095078,9.10398682969186,4.954375965596781
2008-09-01,4.433473230651163,9.80242779243354,5.3689545617823775
2008-10-01,5.87274540851425,11.73446206857302,5.86171666005877
2008-11-01,6.413053119550826,12.32877349303918,5.9157203734883534
2008-12-01,6.343874144235787,11.64697970260033,5.303105558364543
2009-01-01,6.440346617932514,11.9903801413137,5.550033523381186
2009-02-01,7.034495377774123,13.41972856157924,6.385233183805116
2009-03-01,7.550679481215146,14.27020431462029,6.719524833405145
2009-04-01,6.513726368171562,13.33289585355743,6.819169485385868
2009-05-01,5.976212261467956,12.44007754089771,6.463865279429753
2009-06-01,5.780104368191879,12.37353171075956,6.59342734256768
2009-07-01,5.626476887688758,12.61728579402776,6.9908089063390015
2009-08-01,5.030354693620474,11.41228756118684,6.381932867566366
2009-09-01,4.745099581747055,11.35025457162959,6.605154989882535
2009-10-01,4.551100164191436,11.07309735915176,6.521997194960323
2009-11-01,4.389906305877524,11.33939360586264,6.949487299985115
2009-12-01,4.216841586169338,11.35690119985968,7.140059613690342
2010-01-01,4.141877323808495,11.56869295242009,7.426815628611595
2010-02-01,4.320567311595788,11.88342224740137,7.562854935805582
2010-03-01,3.97641873852395,8.99958318527729,5.02316444675334
2010-04-01,3.7402414479863695,9.1157985758824,5.37555712789603
2010-05-01,4.112455290659325,10.41743678165152,6.304981490992196
2010-06-01,4.337735646982663,11.44570537786624,7.1079697308835765
2010-07-01,4.350484512240552,11.79078523833712,7.440300726096568
2010-08-01,4.30468456300991,12.31610721901454,8.01142265600463
2010-09-01,4.095055032351061,11.864716983627451,7.76966195127639
2010-10-01,3.824694786582433,11.56499808974365,7.740303303161217
2010-11-01,3.6847509732391472,11.73463406182546,8.049883088586313
2010-12-01,3.4886002187910687,11.801886562262789,8.31328634347172
2011-01-01,3.333199093420031,11.73505650585402,8.401857412433989
2011-02-01,3.20245866260168,11.6571821620756,8.45472349947392
2011-03-01,3.3420734935462724,11.90302059269932,8.560947099153047
2011-04-01,3.2778422695518357,12.29223287703975,9.014390607487915
2011-05-01,3.2956187601958638,12.26633622404484,8.970717463848978
2011-06-01,3.539454610766982,12.77175373475465,9.23229912398767
2011-07-01,3.4001596397070686,12.7238653575799,9.323705717872832
2011-08-01,4.142807804528253,14.223025185387051,10.080217380858798
2011-09-01,4.255222646695181,14.29011968624729,10.03489703955211
2011-10-01,4.0991139181735825,13.88407291884095,9.784959000667367
2011-11-01,4.034499664394797,14.14713541041896,10.112635746024162
2011-12-01,3.974100285979121,13.938028915548358,9.963928629569237
2012-01-01,3.7604559268041067,13.126854152476032,9.366398225671926
2012-02-01,3.5900950086466885,12.28217666892272,8.692081660276031
2012-03-01,3.51800540507338,11.79926085057958,8.2812554455062
2012-04-01,3.5924607778910556,11.78816548693031,8.195704709039255
2012-05-01,3.835346786590655,11.08894374056459,7.2535969539739344
2012-06-01,3.9556723807507863,10.669827465301559,6.7141550845507725
2012-07-01,3.8159681405771115,10.38592624549996,6.569958104922848
2012-08-01,3.69575178113662,10.77353723690244,7.07778545576582
2012-09-01,3.591215776639369,9.63805834479345,6.046842568154081
2012-10-01,3.652125062540739,9.26938274568123,5.617257683140492
2012-11-01,3.8543859996610363,10.10879063691003,6.254404637248993
2012-12-01,3.754301658275261,9.87718287052188,6.122881212246619
2013-01-01,3.5676855773048297,9.51355801015421,5.94587243284938
2013-02-01,3.52891488591509,9.62866850892665,6.099753623011559
2013-03-01,3.4345021203389816,9.04093591659696,5.606433796257978
2013-04-01,3.392612615745771,9.24446022394058,5.851847608194809
2013-05-01,3.192788523907204,8.8287021832289,5.635913659321696
2013-06-01,3.3174888365670916,9.46871062073071,6.151221784163617
2013-07-01,3.1824231256231585,9.517707137200079,6.3352840115769204
2013-08-01,3.219834824776332,9.34569135632263,6.125856531546298
2013-09-01,3.2039283642614897,9.09699270782677,5.89306434356528
2013-10-01,3.1160367902923563,8.50949373395795,5.393456943665593
2013-11-01,2.9400724022524796,8.58640968739476,5.64633728514228
2013-12-01,2.898849696484027,8.980865249517821,6.082015553033794
2014-01-01,2.9053340592706967,9.16995500597082,6.2646209467001235
2014-02-01,2.9686390774517015,9.60685840088559,6.638219323433889
2014-03-01,2.895786211000802,9.66601507548554,6.7702288644847375
2014-04-01,2.937706244900538,9.52613746398405,6.588431219083512
2014-05-01,2.910136589728819,9.65180286425031,6.741666274521491
2014-06-01,2.7901331103373366,9.70597897578096,6.9158458654436235
2014-07-01,2.7454385093698814,9.78401428107262,7.038575771702739
2014-08-01,2.7921548412689443,9.69656427765064,6.904409436381696
2014-09-01,2.740134799516711,9.78846295592641,7.048328156409698
2014-10-01,2.898415014924886,10.38493219980498,7.486517184880094
2014-11-01,2.6239178852065774,9.989892401571481,7.365974516364904
2014-12-01,2.597482942320152,10.01442187939432,7.416938937074168
2015-01-01,2.6604007657402162,10.02556693168184,7.365166165941624
2015-02-01,2.5765395024779405,9.8722811978708,7.295741695392859
