Date,Actual,Predicted,RMSE,BestAlpha
1960-01-01,5.1609699366200505,3.9168948875016154,1.2440750491184351,0.01
1960-02-01,5.18574610393267,4.284978989306255,0.9007671146264151,0.01
1960-03-01,5.45390317248741,4.420532408462529,1.0333707640248804,0.01
1960-04-01,4.94884347322754,4.360545659516484,0.5882978137110557,0.01
1960-05-01,3.74777730182829,4.457436256376857,0.709658954548567,0.01
1960-06-01,3.29648614534536,4.197587849875182,0.9011017045298222,0.01
1960-07-01,3.5268890757965203,4.425195153208417,0.8983060774118967,0.01
1960-08-01,3.70556454559889,4.331912921360362,0.6263483757614723,0.01
1960-09-01,4.57793660541414,4.6061216802447,0.02818507483055921,0.01
1960-10-01,5.02964133508956,4.854092294343868,0.17554904074569233,0.01
1960-11-01,4.63327085172033,4.581089323471816,0.0521815282485143,0.01
1960-12-01,5.02673350774369,4.385023497589944,0.6417100101537461,0.01
1961-01-01,4.89482021718561,3.9729271174342426,0.9218930997513675,0.01
1961-02-01,4.8460260605128,3.6621870618421912,1.183838998670609,0.01
1961-03-01,4.7623029721759895,3.4363841663553947,1.3259188058205948,0.01
1961-04-01,4.81268619524073,3.2484604814173657,1.564225713823364,0.01
1961-05-01,4.51258875796443,3.1853288168954665,1.3272599410689634,0.01
1961-06-01,4.38050706320893,3.296028804249918,1.0844782589590123,0.01
1961-07-01,4.37901171458126,3.3765953042901473,1.0024164102911128,0.01
1961-08-01,3.7674533436010202,3.101042176352589,0.6664111672484312,0.01
1961-09-01,4.11377900502478,3.20129694999434,0.91248205503044,0.01
1961-10-01,3.753836997554,3.14171380013773,0.61212319741627,0.01
1961-11-01,2.8104043479765,2.8454813934698153,0.03507704549331514,0.01
1961-12-01,3.3538175321390797,2.7999674733235,0.5538500588155797,0.01
1962-01-01,4.17105826024299,3.093465087962046,1.0775931722809444,0.01
1962-02-01,4.17319828251385,3.0257205453545044,1.1474777371593454,0.01
1962-03-01,4.38205075226736,3.0454212490747823,1.3366295031925777,0.01
1962-04-01,4.83498633188741,3.335109927126553,1.4998764047608568,0.01
1962-05-01,5.51185985515312,3.9635448897000285,1.5483149654530917,0.01
1962-06-01,6.827486498493821,5.063258339861678,1.764228158632143,0.01
1962-07-01,6.47182822451888,4.90505052940074,1.56677769511814,0.01
1962-08-01,6.52470935552145,4.69538359876157,1.8293257567598804,0.01
1962-09-01,6.46807842201797,4.833810688142316,1.634267733875654,0.01
1962-10-01,6.7708602152785495,5.154103489799386,1.6167567254791635,0.01
1962-11-01,6.5501446156986205,4.585320183542328,1.9648244321562922,0.01
1962-12-01,6.28718597966837,4.254993421108215,2.032192558560155,0.01
1963-01-01,5.93553936842161,3.9776405228090796,1.9578988456125304,0.01
1963-02-01,5.33693062376707,3.9063040673313933,1.4306265564356764,0.01
1963-03-01,5.14264223292693,3.995719870623521,1.1469223623034086,0.01
1963-04-01,4.3887278797796805,3.6666438334158613,0.7220840463638192,0.01
1963-05-01,3.81264124453937,3.5441011068494825,0.26854013768988727,0.01
1963-06-01,3.5450858712644298,3.6013775013087774,0.056291630044347674,0.01
1963-07-01,3.80775797658754,3.7674180215713373,0.04033995501620247,0.01
1963-08-01,3.14304775292979,3.5842052704899094,0.44115751756011923,0.01
1963-09-01,3.0299155865835403,3.4153331660623385,0.3854175794787982,0.01
1963-10-01,3.34915360195571,3.443744754518581,0.0945911525628711,0.01
1963-11-01,2.58233365244942,3.511222490462956,0.9288888380135361,0.01
1963-12-01,1.58805221746098,3.4042484360859815,1.8161962186250016,0.01
1964-01-01,1.33926730124198,3.20942437529618,1.8701570740542002,0.01
1964-02-01,0.8083923909201599,3.151276479901643,2.3428840889814833,0.01
1964-03-01,0.9253954388512999,3.0544134249651136,2.129017986113814,0.01
1964-04-01,0.21808639941738,2.987290237072294,2.769203837654914,0.01
1964-05-01,-0.30149969916433,2.957418249556165,3.2589179487204953,0.01
1964-06-01,-0.27048679423669,3.063353170501299,3.3338399647379893,0.01
1964-07-01,-1.89450392500539,2.8735076710006835,4.768011596006073,0.01
1964-08-01,-2.29906801013305,2.998427255844285,5.297495265977335,0.01
1964-09-01,-3.5963149282603304,2.949771002294497,6.546085930554828,0.01
1964-10-01,-3.6528642143336696,2.882243966111222,6.535108180444892,0.01
1964-11-01,-3.43272727812612,2.907267070526594,6.339994348652715,0.01
1964-12-01,-3.96805567614091,3.0773377103935506,7.04539338653446,0.01
1965-01-01,-3.4755937557960803,2.9579580524785922,6.4335518082746725,0.01
1965-02-01,-2.64890220948198,2.963030911194815,5.611933120676795,0.01
1965-03-01,-2.21380649323538,3.032493333594865,5.246299826830246,0.01
1965-04-01,-2.22651252965739,3.019363093683654,5.245875623341044,0.01
1965-05-01,-1.81372001150913,2.975670357955596,4.789390369464726,0.01
1965-06-01,-1.08932144798304,3.3911628530890017,4.480484301072042,0.01
1965-07-01,-1.16709277278281,3.4483631671620056,4.615455939944816,0.01
1965-08-01,-2.1050276867498,3.3714079817639715,5.476435668513771,0.01
1965-09-01,-2.58761315240095,3.2030903751382547,5.790703527539204,0.01
1965-10-01,-2.37788032011569,3.1313051308359467,5.509185450951637,0.01
1965-11-01,-2.3561836699148597,3.127603394681153,5.4837870645960125,0.01
1965-12-01,-2.45608214208239,3.2255219054957207,5.68160404757811,0.01
1966-01-01,-1.77341607901369,3.166275760080033,4.939691839093722,0.01
1966-02-01,-1.3016897705553299,3.2938968829921356,4.595586653547466,0.01
1966-03-01,-0.81990886933697,3.6242927183195803,4.444201587656551,0.01
1966-04-01,-1.00947336423591,3.5110906489698044,4.520564013205714,0.01
1966-05-01,-0.60843084754333,3.9034873777746117,4.511918225317942,0.01
1966-06-01,-0.48535843755380004,4.016584778503166,4.501943216056966,0.01
1966-07-01,-0.24684475548130003,4.090488116352063,4.337332871833363,0.01
1966-08-01,0.30032157325892,4.60647376587233,4.3061521926134105,0.01
1966-09-01,0.83725961215932,4.901989396269651,4.064729784110331,0.01
1966-10-01,0.58597346247946,5.044313481425718,4.458340018946258,0.01
1966-11-01,0.012934079183079998,4.707528696176663,4.694594616993583,0.01
1966-12-01,0.27983091447607,4.7076551317892585,4.427824217313189,0.01
1967-01-01,-0.23003099633072,4.4693102595638905,4.699341255894611,0.01
1967-02-01,-0.9335880523184299,4.266820647939846,5.200408700258276,0.01
1967-03-01,-1.23251214475457,4.16215576414832,5.39466790890289,0.01
1967-04-01,-1.59759493259649,4.10099413807772,5.69858907067421,0.01
1967-05-01,-1.81037099513581,4.036300840268343,5.846671835404153,0.01
1967-06-01,-1.6593517526992798,4.170662153707848,5.830013906407128,0.01
1967-07-01,-1.74668251695804,4.107922129050725,5.854604646008765,0.01
1967-08-01,-2.13502055625495,4.055230919670576,6.1902514759255265,0.01
1967-09-01,-2.41328787929648,4.014304433774987,6.427592313071466,0.01
1967-10-01,-2.64164141012711,4.0707148861949225,6.7123562963220325,0.01
1967-11-01,-2.2791959816528,4.323641337245482,6.602837318898281,0.01
1967-12-01,-2.58815124930902,4.181921443178179,6.770072692487199,0.01
1968-01-01,-2.92678669783916,4.26266700020493,7.18945369804409,0.01
1968-02-01,-2.6320637692261397,4.62004496760692,7.25210873683306,0.01
1968-03-01,-2.50148949914358,4.795984935454866,7.297474434598446,0.01
1968-04-01,-2.80887777353898,4.353875973159742,7.162753746698721,0.01
1968-05-01,-2.59576464920555,4.253089981188529,6.848854630394079,0.01
1968-06-01,-2.86096205249908,4.150945004990325,7.011907057489404,0.01
1968-07-01,-2.88994651085006,4.235088135113017,7.125034645963077,0.01
1968-08-01,-2.02599536456709,4.433837842591089,6.459833207158178,0.01
1968-09-01,-2.36989169817403,4.27647160665968,6.646363304833709,0.01
1968-10-01,-2.93677123627972,4.192032191722083,7.1288034280018024,0.01
1968-11-01,-3.6643228172882596,4.149829111094041,7.814151928382301,0.01
1968-12-01,-3.6194372497889398,4.140112929745934,7.759550179534873,0.01
1969-01-01,-2.88721016447751,4.474986972714237,7.362197137191746,0.01
1969-02-01,-3.0255130155565397,4.579951016948186,7.605464032504726,0.01
1969-03-01,-2.6294536014482497,4.818697602740832,7.448151204189081,0.01
1969-04-01,-2.67142145027811,4.749630889451376,7.421052339729487,0.01
1969-05-01,-3.2877791186195098,4.581210879345185,7.868989997964695,0.01
1969-06-01,-2.61559920870978,5.014165551760127,7.629764760469907,0.01
1969-07-01,-2.1122186476369698,5.408614082651631,7.5208327302886016,0.01
1969-08-01,-1.64423305545108,5.512112068827626,7.156345124278706,0.01
1969-09-01,-1.6346310010965301,5.526240681307061,7.160871682403592,0.01
1969-10-01,-2.12596026719444,5.507412518079721,7.633372785274161,0.01
1969-11-01,-2.2925778303101296,5.513971061571422,7.806548891881552,0.01
1969-12-01,-1.41370359892347,5.997847949196615,7.411551548120085,0.01
1970-01-01,-1.1477621398428501,6.107029024022153,7.254791163865003,0.01
1970-02-01,-0.48549116449231,6.460991700411592,6.946482864903902,0.01
1970-03-01,-1.6882974241758602,6.376638771992751,8.064936196168611,0.01
1970-04-01,-1.56181912689615,6.722749677076587,8.284568803972737,0.01
1970-05-01,0.03291134671612,7.901041992107439,7.868130645391319,0.01
1970-06-01,0.6684580177345101,8.027342689959422,7.358884672224912,0.01
1970-07-01,1.15743139559907,8.07443514568768,6.91700375008861,0.01
1970-08-01,1.10893055109326,7.79825673349038,6.68932618239712,0.01
1970-09-01,0.73995040543766,7.296329388010546,6.556378982572887,0.01
1970-10-01,0.77786185512358,7.152964538926852,6.375102683803273,0.01
1970-11-01,1.18102797955617,7.219515729452737,6.038487749896567,0.01
1970-12-01,0.31555751529843,6.669896099177667,6.354338583879237,0.01
1971-01-01,-0.16709123430016,6.351453295157793,6.5185445294579525,0.01
1971-02-01,-0.9586367071483001,6.062727635925162,7.021364343073462,0.01
1971-03-01,-0.87534280564596,5.887109938229061,6.762452743875022,0.01
1971-04-01,-1.14716032578183,5.65194345945728,6.79910378523911,0.01
1971-05-01,-1.2261023454120101,5.812950623210423,7.039052968622433,0.01
1971-06-01,-0.9966835847881401,6.037358949970319,7.034042534758459,0.01
1971-07-01,-1.23612564954272,6.130070100338855,7.366195749881575,0.01
1971-08-01,-1.05667923166085,6.314530153044948,7.371209384705798,0.01
1971-09-01,-2.24577441579947,6.140931038113039,8.386705453912509,0.01
1971-10-01,-1.89054545665326,6.356125169791831,8.246670626445091,0.01
1971-11-01,-1.18648291712324,6.785751137336241,7.972234054459482,0.01
1971-12-01,-1.73583700374462,6.256361033950399,7.992198037695019,0.01
1972-01-01,-2.6714873596010698,5.928103605852661,8.59959096545373,0.01
1972-02-01,-3.0433439385573102,5.832819434347833,8.876163372905143,0.01
1972-03-01,-3.5287453923462198,5.6770469279672655,9.205792320313485,0.01
1972-04-01,-3.1522616565126302,5.628830270354897,8.781091926867528,0.01
1972-05-01,-3.0896914942138,5.828497808219064,8.918189302432864,10.0
1972-06-01,-3.75913440646755,5.839095327313549,9.5982297337811,10.0
1972-07-01,-3.69041667214332,5.948557968776187,9.638974640919507,10.0
1972-08-01,-3.96823426517599,5.71286948425896,9.68110374943495,10.0
1972-09-01,-2.74370415822574,5.857035285315652,8.600739443541393,10.0
1972-10-01,-1.93714234420522,5.894279532004801,7.831421876210021,10.0
1972-11-01,-1.96464527480457,5.555794234216253,7.520439509020823,10.0
1972-12-01,-1.99361000495763,5.437179926501018,7.430789931458648,10.0
1973-01-01,-1.70929714051176,5.414737765861493,7.124034906373253,10.0
1973-02-01,-1.10896569389608,5.751088915531729,6.8600546094278085,10.0
1973-03-01,-0.50631756542042,5.959803120884038,6.466120686304458,10.0
1973-04-01,0.06599084043763,6.178533782590919,6.112542942153289,10.0
1973-05-01,0.76997385593502,6.863068443648824,6.093094587713804,100.0
1973-06-01,1.18665240778284,7.059195492866673,5.872543085083833,100.0
1973-07-01,1.11858986483297,7.019324957367592,5.900735092534623,100.0
1973-08-01,1.18959062608101,7.273496917578863,6.083906291497853,100.0
1973-09-01,1.29162795818476,7.180151269084161,5.888523310899401,100.0
1973-10-01,0.99629290667921,6.988131479307917,5.991838572628707,100.0
1973-11-01,1.6454975003629801,7.54417397456296,5.89867647419998,100.0
1973-12-01,2.4077050220234,8.147405652799412,5.739700630776012,100.0
1974-01-01,2.42294438662571,8.117946958883772,5.695002572258062,100.0
1974-02-01,2.22301865028164,8.45310894377945,6.23009029349781,100.0
1974-03-01,1.92050133382453,8.229526844926148,6.309025511101618,100.0
1974-04-01,2.4697271508143,8.702937791859185,6.233210641044884,100.0
1974-05-01,2.82305605523798,9.45044394097835,6.627387885740369,10.0
1974-06-01,2.63903108821164,9.551946153901552,6.912915065689912,10.0
1974-07-01,3.83215556718379,11.243829802074142,7.411674234890352,10.0
1974-08-01,5.23983758513104,12.036740891230936,6.796903306099896,10.0
1974-09-01,6.580788021937729,13.949098863277563,7.3683108413398335,10.0
1974-10-01,6.361215896785439,13.854591454140055,7.493375557354615,10.0
1974-11-01,6.18952509985482,13.506335182661527,7.316810082806707,10.0
1974-12-01,6.86608257196788,14.816969227976974,7.950886656009095,10.0
1975-01-01,6.49319145396334,13.60385544483632,7.11066399087298,10.0
1975-02-01,6.0315045360044,12.209619953117354,6.178115417112954,10.0
1975-03-01,5.467849026249301,11.624612258606232,6.156763232356932,10.0
1975-04-01,5.4102054931585295,11.53371840629563,6.123512913137101,10.0
1975-05-01,5.03077420472255,10.858375138508595,5.827600933786045,0.01
1975-06-01,5.0408871619805,10.611137907442991,5.570250745462491,0.01
1975-07-01,5.32700790039371,10.753009310720168,5.426001410326458,0.01
1975-08-01,5.8963523143215,11.907159916929146,6.010807602607646,0.01
1975-09-01,5.81467708071863,12.182275204912369,6.367598124193739,0.01
1975-10-01,5.478083843122071,11.564690476239374,6.086606633117303,0.01
1975-11-01,5.97010097401355,11.413105900987139,5.443004926973589,0.01
1975-12-01,6.654074724163039,11.69503113211475,5.04095640795171,0.01
1976-01-01,5.75552004614769,10.401901363417736,4.646381317270046,0.01
1976-02-01,5.9759385545582395,9.90792107162818,3.931982517069941,0.01
1976-03-01,6.59650765760719,9.853087075608968,3.2565794180017784,0.01
1976-04-01,6.8264915193053,9.78391840031171,2.957426881006411,0.01
1976-05-01,6.966340640356659,9.971364845258723,3.005024204902064,0.01
1976-06-01,7.19846534420483,9.955832612248276,2.7573672680434465,0.01
1976-07-01,6.77854120560914,9.698491236052115,2.9199500304429753,0.01
1976-08-01,7.11628335415959,9.887133129023438,2.770849774863848,0.01
1976-09-01,6.58168442116924,9.636499856764539,3.054815435595299,0.01
1976-10-01,6.9544710671768595,10.195637550307868,3.2411664831310087,0.01
1976-11-01,7.3741610091351895,10.3172778708817,2.9431168617465104,0.01
1976-12-01,7.183943193708201,9.87619292343086,2.6922497297226595,0.01
1977-01-01,7.92373673156512,10.07176691213948,2.1480301805743602,0.01
1977-02-01,8.93394897560515,10.624302651068074,1.6903536754629247,0.01
1977-03-01,9.43201595783886,10.788628805969411,1.3566128481305508,0.01
1977-04-01,9.50215626131854,11.161524859786212,1.6593685984676725,0.01
1977-05-01,9.52949361660973,11.293832937685448,1.7643393210757168,0.01
1977-06-01,9.94754033381055,11.324722635714938,1.3771823019043872,0.01
1977-07-01,10.17057469131228,11.27072722966332,1.1001525383510398,0.01
1977-08-01,11.072523406677389,11.737152708334818,0.6646293016574294,0.01
1977-09-01,10.840109360941371,12.069239925628127,1.2291305646867556,0.01
1977-10-01,9.70059401393503,12.593743123856452,2.8931491099214224,0.01
1977-11-01,8.20694448285066,12.602617897199359,4.395673414348698,0.01
1977-12-01,8.1048218319675,12.768017122719929,4.663195290752428,0.01
1978-01-01,8.971822063712121,13.611209897211147,4.6393878334990255,0.01
1978-02-01,9.477266521704369,14.025223581258025,4.5479570595536565,0.01
1978-03-01,9.836358000947131,14.237081878393937,4.400723877446806,0.01
1978-04-01,9.25189488884892,13.596452128226705,4.344557239377785,0.01
1978-05-01,8.49227002526282,12.88397914436211,4.391709119099289,0.01
1978-06-01,9.12427446160417,13.052968740339136,3.928694278734966,0.01
1978-07-01,9.13467085775028,13.302817681575206,4.168146823824927,0.01
1978-08-01,8.18158447201311,12.204259833715566,4.022675361702456,0.01
1978-09-01,8.35417319112878,12.353253259424942,3.9990800682961627,0.01
1978-10-01,9.12731891750973,13.11708103382794,3.989762116318211,0.01
1978-11-01,9.55532222395814,14.38158064499219,4.826258421034051,0.01
1978-12-01,9.629254190730279,14.21282645743901,4.583572266708732,0.01
1979-01-01,9.60033615161357,13.703482826824953,4.1031466752113825,0.01
1979-02-01,10.156353988021149,14.25641048105497,4.100056493033822,0.01
1979-03-01,9.93159807436503,14.120425341026777,4.188827266661747,0.01
1979-04-01,10.10617980298147,13.994055324868956,3.8878755218874854,0.01
1979-05-01,10.8400152970846,14.76126631337265,3.92125101628805,0.01
1979-06-01,11.04179791658224,14.635978938674128,3.594181022091888,0.01
1979-07-01,11.287090177119929,14.705777121581646,3.418686944461717,0.01
1979-08-01,11.34078443352586,14.036867522580241,2.6960830890543814,0.01
1979-09-01,11.30555260361936,14.071467479820079,2.7659148762007195,0.01
1979-10-01,11.75345005739023,15.06604469630338,3.312594638913149,0.01
1979-11-01,11.66186041560251,15.473752234180235,3.8118918185777257,0.01
1979-12-01,11.581447133810329,14.924646474717814,3.3431993409074856,0.01
1980-01-01,11.01402082141322,14.675649798660276,3.661628977247055,0.01
1980-02-01,10.35778271132481,14.209831666562032,3.852048955237221,0.01
1980-03-01,11.78175713323863,16.647683946235727,4.865926812997097,0.01
1980-04-01,12.04204269759121,17.33493235150185,5.292889653910638,0.01
1980-05-01,11.998882624858789,16.57851013338549,4.5796275085267,0.01
1980-06-01,11.66744129574879,15.473641362988051,3.8062000672392617,0.01
1980-07-01,11.10316674280786,14.559736168739187,3.4565694259313275,0.01
1980-08-01,9.79691859901767,14.109994697359648,4.313076098341977,0.01
1980-09-01,9.0057723227128,13.82157081985574,4.815798497142939,0.01
1980-10-01,8.43323771458806,13.467114202491276,5.033876487903216,0.01
1980-11-01,8.32776648239526,12.856861311842042,4.529094829446782,0.01
1980-12-01,9.05256609547462,13.38412116985203,4.331555074377409,0.01
1981-01-01,8.999376528357491,13.655022389392329,4.655645861034838,0.01
1981-02-01,10.64422441133434,14.618701581616437,3.9744771702820962,0.01
1981-03-01,10.58547408601895,14.041391995025299,3.4559179090063488,0.01
1981-04-01,10.74859855654792,14.031732686092603,3.283134129544683,0.01
1981-05-01,10.96327145013311,14.649462051100333,3.6861906009672225,0.01
1981-06-01,10.97245625758118,14.778390002782267,3.805933745201086,0.01
1981-07-01,11.39085753991322,15.579581648573333,4.188724108660113,0.01
1981-08-01,11.64852364920596,15.699100845920238,4.050577196714279,0.01
1981-09-01,12.645967903323442,18.0854546382106,5.439486734887158,0.01
1981-10-01,12.481013401317021,17.8714727378319,5.39045933651488,0.01
1981-11-01,12.14905586663286,17.368770251125767,5.219714384492907,0.01
1981-12-01,12.149326611580449,17.297630462629613,5.148303851049164,0.01
1982-01-01,13.525435079719369,18.72981273602774,5.20437765630837,0.01
1982-02-01,13.671369118165039,19.465870472438908,5.794501354273869,0.01
1982-03-01,13.80266687949665,20.34330034587741,6.5406334663807595,0.01
1982-04-01,13.25950616870195,19.2119212707703,5.9524151020683504,0.01
1982-05-01,13.51777288868461,19.46385368445383,5.946080795769221,0.01
1982-06-01,14.08243126750017,21.43333141460419,7.350900147104021,0.01
1982-07-01,14.30515212015299,21.676913046712226,7.3717609265592365,0.01
1982-08-01,14.31275985462921,21.67136681978117,7.35860696515196,0.01
1982-09-01,13.04857160174579,18.779211459477697,5.730639857731907,0.01
1982-10-01,11.95215720640898,16.861657845348212,4.909500638939232,0.01
1982-11-01,11.72542550530035,15.877278126732985,4.151852621432635,0.01
1982-12-01,11.89690134360594,15.559538668512742,3.662637324906802,0.01
1983-01-01,11.45070153701413,14.822657918509003,3.371956381494874,0.01
1983-02-01,11.37872294809714,14.451416528745359,3.0726935806482185,0.01
1983-03-01,11.15459652345689,13.704265218927087,2.5496686954701975,0.01
1983-04-01,10.59706013415338,13.054319824109161,2.45725968995578,0.01
1983-05-01,10.25041728369018,12.354609160557546,2.1041918768673664,0.01
1983-06-01,10.171755700388479,12.10727349401817,1.9355177936296908,0.01
1983-07-01,10.14482829963423,12.075304028385023,1.9304757287507925,0.01
1983-08-01,10.60906739376594,12.63508125679438,2.0260138630284406,0.01
1983-09-01,10.42953585223243,12.122937731413838,1.6934018791814083,0.01
1983-10-01,10.48168317811664,12.080744550869406,1.5990613727527663,0.01
1983-11-01,10.623588135321329,12.36833552117237,1.7447473858510403,0.01
1983-12-01,10.74634707816972,12.437119751226586,1.6907726730568662,0.01
1984-01-01,10.79876312683869,12.266891598788941,1.4681284719502514,0.01
1984-02-01,11.3896717110254,13.440987791846194,2.0513160808207935,0.01
1984-03-01,11.16473904524248,13.418499747662455,2.2537607024199744,0.01
1984-04-01,10.76962112399326,13.44958847893031,2.67996735493705,0.01
1984-05-01,10.938875012197501,13.593329522424552,2.654454510227051,0.01
1984-06-01,11.2629945585579,14.076224525122488,2.813229966564588,0.01
1984-07-01,11.31938853423488,14.385602630226469,3.0662140959915885,0.01
1984-08-01,10.6764695039567,12.658200346040996,1.9817308420842963,0.01
1984-09-01,10.63501794532386,12.481705877070796,1.8466879317469367,0.01
1984-10-01,10.65557673390629,12.599269814584702,1.9436930806784112,0.01
1984-11-01,10.45845846160276,12.33815940903388,1.87970094743112,0.01
1984-12-01,10.42288377667199,12.470561573855369,2.047677797183379,0.01
1985-01-01,10.1602663507621,11.628016923139757,1.467750572377657,0.01
1985-02-01,9.9615297703139,10.716247076047026,0.7547173057331253,0.01
1985-03-01,10.29732942127608,10.886828084701373,0.5894986634252923,0.01
1985-04-01,10.54959502085612,10.818711916056998,0.26911689520087734,0.01
1985-05-01,10.63475615535809,10.44886808632953,0.18588806902856092,0.01
1985-06-01,10.71565193131705,10.11375260903984,0.6018993222772089,0.01
1985-07-01,10.87620855965088,9.81489356811226,1.0613149915386195,0.01
1985-08-01,11.1312213640113,10.187776005391186,0.9434453586201137,0.01
1985-09-01,11.75911215132323,10.585478911405232,1.1736332399179972,0.01
1985-10-01,11.699545839275661,10.427556059842534,1.2719897794331274,0.01
1985-11-01,11.30360579625291,9.48976389312719,1.81384190312572,0.01
1985-12-01,11.13832933132175,8.765098289189622,2.3732310421321277,0.01
1986-01-01,11.03866339872452,8.719235528285678,2.319427870438842,0.01
1986-02-01,10.99405597776628,7.8976598451584525,3.0963961326078273,0.01
1986-03-01,10.20065508737588,7.034802806107667,3.1658522812682133,0.01
1986-04-01,9.86214540478656,6.675356821113514,3.186788583673046,0.01
1986-05-01,10.07337068963858,6.664466317483962,3.408904372154618,0.01
1986-06-01,9.92715282481846,6.356561949413475,3.570590875404985,0.01
1986-07-01,9.71748687483542,6.600718173272767,3.116768701562652,0.01
1986-08-01,9.80155292754698,6.350924404359973,3.4506285231870075,0.01
1986-09-01,10.31088235866306,6.738629450676939,3.5722529079861207,0.01
1986-10-01,10.74210452551678,6.77456527381006,3.96753925170672,0.01
1986-11-01,10.89262320822423,6.353351973851675,4.5392712343725545,0.01
1986-12-01,10.84688733372283,6.161451657970775,4.685435675752054,0.01
1987-01-01,10.521712997774289,5.468014026298282,5.053698971476007,0.01
1987-02-01,10.30666167005045,4.805600166937251,5.5010615031132,0.01
1987-03-01,9.78808838023976,4.3976449301748595,5.3904434500649,0.01
1987-04-01,9.547154030797241,4.55148533614792,4.995668694649321,0.01
1987-05-01,10.54416961724187,4.574851332397015,5.969318284844856,0.01
1987-06-01,10.657640898187081,4.150808771543833,6.506832126643248,0.01
1987-07-01,10.950345027898202,3.8647524449855086,7.0855925829126924,0.01
1987-08-01,10.33421753377836,3.3075814775802677,7.026636056198093,0.01
1987-09-01,10.83585202171864,3.6556785300418655,7.180173491676775,0.01
1987-10-01,12.42782151631709,5.008592325587588,7.419229190729502,0.01
1987-11-01,13.79844068422759,6.595028250280667,7.203412433946922,0.01
1987-12-01,14.26218669849701,6.779446568251458,7.482740130245551,0.01
1988-01-01,13.823197341745061,6.300675898071969,7.522521443673092,0.01
1988-02-01,14.16558931135902,5.948735913013669,8.21685339834535,0.01
1988-03-01,14.421543923692301,5.640981077965857,8.780562845726443,0.01
1988-04-01,14.94515538637941,5.826562675716653,9.118592710662757,0.01
1988-05-01,15.191947926139179,6.159136700906382,9.032811225232797,0.01
1988-06-01,14.57054956333074,5.551730234704086,9.018819328626654,0.01
1988-07-01,15.142125977307899,5.672483218754313,9.469642758553587,0.01
1988-08-01,14.545422414527632,5.963788555251339,8.581633859276293,0.01
1988-09-01,13.816317729335669,5.85674999874472,7.959567730590949,0.01
1988-10-01,13.54781360533008,5.502646015759953,8.045167589570127,0.01
1988-11-01,14.98002183797238,5.787020901024778,9.193000936947602,0.01
1988-12-01,15.204074375042179,5.579669024625781,9.624405350416398,0.01
1989-01-01,15.40282261614802,5.284757068895224,10.118065547252797,0.01
1989-02-01,15.05428762996861,5.010927277548127,10.043360352420482,0.01
1989-03-01,15.43588922808678,5.127341520930048,10.30854770715673,0.01
1989-04-01,15.503405201669501,4.856474554786107,10.646930646883394,0.01
1989-05-01,15.09207545662996,4.528448369229823,10.563627087400137,0.01
1989-06-01,14.665589177332139,4.247785263110216,10.417803914221924,0.01
1989-07-01,14.84937641555732,4.030757245562272,10.818619169995047,0.01
1989-08-01,13.875801545657529,3.636593117637984,10.239208428019545,0.01
1989-09-01,13.73748080972197,3.647426864229036,10.090053945492933,0.01
1989-10-01,13.59339406589825,3.686453004727456,9.906941061170794,0.01
1989-11-01,14.60558355437451,3.902903888687977,10.702679665686533,0.01
1989-12-01,14.63144713868969,3.6835958799771684,10.947851258712522,0.01
1990-01-01,14.957948186985739,4.012254958424294,10.945693228561446,0.01
1990-02-01,14.949605587691849,4.327299591911892,10.622305995779957,0.01
1990-03-01,15.05498211022891,4.13520403678584,10.91977807344307,0.01
1990-04-01,15.206116521608429,4.147978145546416,11.058138376062013,0.01
1990-05-01,14.45448642741518,3.8283466262119603,10.62613980120322,0.01
1990-06-01,14.455410232536181,3.60804872136898,10.8473615111672,0.01
1990-07-01,14.55014884430765,3.6450970436761754,10.905051800631474,0.01
1990-08-01,15.70564545635939,4.535290919226947,11.170354537132443,0.01
1990-09-01,16.13032227149107,5.099932973962991,11.03038929752808,0.01
1990-10-01,15.83035448252367,5.440612292582877,10.389742189940794,0.01
1990-11-01,15.41975191319529,5.173323147107804,10.246428766087487,0.01
1990-12-01,14.522336198855989,4.731566148750102,9.790770050105888,0.01
1991-01-01,14.649112480055958,4.885485611275798,9.763626868780161,0.01
1991-02-01,13.12398388639966,3.8517856895199865,9.272198196879675,0.01
1991-03-01,11.707815588530531,3.6129338514682594,8.094881737062272,0.01
1991-04-01,11.48066049088081,3.447510492806825,8.033149998073984,0.01
1991-05-01,12.227332751167399,3.506411763796529,8.72092098737087,0.01
1991-06-01,11.9315518156239,3.51723615684155,8.41431565878235,0.01
1991-07-01,11.591094263251819,3.475308371846425,8.115785891405395,0.01
1991-08-01,11.0991402751023,3.2836488696991273,7.815491405403173,0.01
1991-09-01,9.81340932644538,3.357742825258721,6.455666501186658,0.01
1991-10-01,10.19140251591708,3.3662756284687605,6.825126887448319,0.01
1991-11-01,10.78517203724971,3.3989592798649477,7.3862127573847625,0.01
1991-12-01,10.895246905515311,3.3316179031252924,7.563629002390019,0.01
1992-01-01,10.06883892416612,2.764120168585152,7.304718755580967,0.01
1992-02-01,9.75652099875556,2.846654589764168,6.909866408991392,0.01
1992-03-01,10.39346842654096,2.9772746478859506,7.416193778655009,0.01
1992-04-01,9.92473008658469,2.9789568857308524,6.9457732008538375,0.01
1992-05-01,9.40228370768159,3.390874122592787,6.011409585088803,100.0
1992-06-01,8.91511606171029,3.51204431201735,5.4030717496929395,100.0
1992-07-01,7.48956599860077,3.412187010056191,4.077378988544579,100.0
1992-08-01,7.50521177233505,3.3830136868982574,4.122198085436793,100.0
1992-09-01,6.954487764106029,3.392045315701173,3.5624424484048562,100.0
1992-10-01,6.95463672685392,3.5081362986752582,3.4465004281786618,100.0
1992-11-01,7.36587144992082,3.353847613315442,4.012023836605378,100.0
1992-12-01,6.92570001637469,3.1592369864619103,3.7664630299127797,100.0
1993-01-01,6.89205544225497,3.198121888237191,3.6939335540177787,100.0
1993-02-01,5.96008359866011,3.1298281615036343,2.8302554371564757,100.0
1993-03-01,5.84589498500141,3.036772744452201,2.809122240549209,100.0
1993-04-01,6.58908204128838,3.1566002274665794,3.4324818138218007,100.0
1993-05-01,7.09717971550787,3.1381042919555693,3.959075423552301,100.0
1993-06-01,7.603362047263119,3.1105070133516515,4.492855033911468,100.0
1993-07-01,7.64915778473942,3.1238470221463293,4.52531076259309,100.0
1993-08-01,7.43238863252457,3.0494239416360136,4.3829646908885564,100.0
1993-09-01,7.60979634683007,2.995972848343919,4.61382349848615,100.0
1993-10-01,7.7493239381001,2.962395274965146,4.786928663134955,100.0
1993-11-01,7.91503760691609,2.9831148087230903,4.931922798193,100.0
1993-12-01,8.15754678080959,2.946394418156823,5.211152362652767,100.0
1994-01-01,8.46988855046779,2.876022146008904,5.593866404458886,100.0
1994-02-01,8.574091689351459,2.917941789333105,5.656149900018354,100.0
1994-03-01,8.525798551833901,3.043028720086263,5.482769831747638,100.0
1994-04-01,8.98080685186901,3.2831856279369305,5.69762122393208,100.0
1994-05-01,8.52781230578767,3.238178672038443,5.289633633749227,100.0
1994-06-01,8.71658207274506,3.208463245248253,5.508118827496808,100.0
1994-07-01,8.5737172821608,3.279039918721739,5.29467736343906,100.0
1994-08-01,8.1315070024978,3.13265644141142,4.99885056108638,100.0
1994-09-01,8.34676666405329,3.1201297005646795,5.22663696348861,100.0
1994-10-01,8.35632992767434,3.175689489560118,5.180640438114222,100.0
1994-11-01,8.91193770790323,3.234015531750078,5.677922176153151,100.0
1994-12-01,9.35812392019217,3.3296424145410852,6.028481505651085,100.0
1995-01-01,8.9664153638161,3.2309619319885945,5.735453431827506,100.0
1995-02-01,8.72089988587272,3.051865187763963,5.669034698108757,100.0
1995-03-01,8.37050012168041,2.949349929500249,5.421150192180161,100.0
1995-04-01,7.72831598298422,2.8112925651913807,4.917023417792839,100.0
1995-05-01,7.54908214365983,2.6628414451094606,4.8862406985503695,100.0
1995-06-01,7.46034625581,2.5291878445260862,4.9311584112839135,100.0
1995-07-01,7.22891264589864,2.369550738852214,4.859361907046425,100.0
1995-08-01,7.18060562370286,2.3925031816161693,4.788102442086691,100.0
1995-09-01,6.71119034729692,2.239357679961388,4.471832667335532,100.0
1995-10-01,6.34450961532198,2.2439501652530476,4.100559450068933,100.0
1995-11-01,6.58897390429147,2.1505925766946183,4.438381327596852,100.0
1995-12-01,6.496255336682689,2.00711052855621,4.489144808126479,100.0
1996-01-01,6.615468706570771,2.0649774466128075,4.550491259957964,100.0
1996-02-01,6.0167400392254695,1.8221402999493392,4.19459973927613,100.0
1996-03-01,6.19064776461455,1.8936103852031168,4.297037379411433,100.0
1996-04-01,6.20512836494946,1.9396405980089475,4.265487766940513,100.0
1996-05-01,5.84254181691858,1.8678167804663208,3.974725036452259,100.0
1996-06-01,5.40459480031398,1.843946887551915,3.560647912762065,100.0
1996-07-01,5.843108413894741,2.0733420513551106,3.76976636253963,100.0
1996-08-01,5.76172699588211,1.9646416886616342,3.7970853072204753,100.0
1996-09-01,5.89982956848207,1.9174286681831187,3.982400900298951,100.0
1996-10-01,5.93963145995295,1.7697968174489693,4.1698346425039805,100.0
1996-11-01,5.66370380665641,1.580197258941494,4.083506547714916,100.0
1996-12-01,5.74681654788964,1.5645992106445643,4.182217337245076,100.0
1997-01-01,5.48229600836782,1.4724270837510143,4.009868924616805,100.0
1997-02-01,5.17636525158251,1.3368929936531075,3.8394722579294025,100.0
1997-03-01,4.91009543678802,1.4207432491185767,3.4893521876694433,100.0
1997-04-01,5.65107359687875,1.6320026200501263,4.019070976828624,100.0
1997-05-01,5.0030348621763,1.2765136521747076,3.726521210001592,100.0
1997-06-01,4.48739432460616,1.1073935509954294,3.3800007736107305,100.0
1997-07-01,3.9815058756798605,0.9340509145817126,3.047454961098148,100.0
1997-08-01,3.53868380152653,0.9751798115966714,2.5635039899298584,100.0
1997-09-01,3.72705654917298,0.9859540788161114,2.7411024703568687,100.0
1997-10-01,3.8672622302991804,0.9779537742601452,2.889308456039035,100.0
1997-11-01,3.40917091847767,1.0628140648016977,2.3463568536759722,100.0
1997-12-01,3.2618370675246,0.9909170312932503,2.2709200362313497,100.0
1998-01-01,2.4993227029100398,1.022105526846775,1.4772171760632649,100.0
1998-02-01,1.6942273310250802,0.8273035406677227,0.8669237903573574,100.0
1998-03-01,0.83194071987042,0.6814947374972666,0.15044598237315332,100.0
1998-04-01,0.8710108398669301,0.6066725802536039,0.26433825961332613,100.0
1998-05-01,1.0828973340422499,0.6539252082253935,0.4289721258168564,100.0
1998-06-01,0.5449997015311401,0.684197712560084,0.1391980110289439,100.0
1998-07-01,-0.55921781873471,0.5707141953800416,1.1299320141147517,100.0
1998-08-01,0.42377678677378,0.8559331547486382,0.4321563679748582,100.0
1998-09-01,0.4553248915591,1.0739412745158061,0.6186163829567062,100.0
1998-10-01,-1.7876654765095201,1.0614633244426948,2.849128800952215,100.0
1998-11-01,-3.4893972974395497,0.7155624059076828,4.204959703347233,100.0
1998-12-01,-3.81667681586419,0.6060381704452764,4.422714986309467,100.0
1999-01-01,-4.41315106295773,0.48396146064963386,4.897112523607364,100.0
1999-02-01,-5.1036317712709,0.5195343004899691,5.623166071760869,100.0
1999-03-01,-5.92388358346658,0.4702857970230303,6.39416938048961,100.0
1999-04-01,-5.17514022966861,0.397060996421593,5.572201226090203,100.0
1999-05-01,-4.5803686968187,0.4327902056586197,5.013158902477319,100.0
1999-06-01,-4.33369527184962,0.4860598193386956,4.819755091188315,100.0
1999-07-01,-4.59163368629911,0.4021952229346075,4.993828909233717,100.0
1999-08-01,-3.47209201276808,0.5616953592120675,4.033787371980147,100.0
1999-09-01,-3.02749587804969,0.6355360657958498,3.6630319438455397,100.0
1999-10-01,-2.66476233547841,0.7220873149513407,3.3868496504297507,100.0
1999-11-01,-3.13156393685365,0.5624095295147988,3.693973466368449,100.0
1999-12-01,-3.16992645492846,0.5284408670879044,3.6983673220163644,100.0
2000-01-01,-3.03223938877084,0.5877268699263487,3.619966258697189,100.0
2000-02-01,-3.01940942691859,0.7236420813177933,3.743051508236383,100.0
2000-03-01,-2.79436462995652,0.6811280632151355,3.4754926931716557,100.0
2000-04-01,-2.55326189447415,0.6902182428680295,3.2434801373421793,100.0
2000-05-01,-2.85905450788018,0.8241136146688497,3.68316812254903,100.0
2000-06-01,-3.44988684323145,0.798211220024422,4.248098063255872,100.0
2000-07-01,-3.5265021397115395,0.8311467547724183,4.357648894483958,100.0
2000-08-01,-3.5469471616875996,0.8550042836539715,4.401951445341571,100.0
2000-09-01,-3.07667117128989,0.9474036814204325,4.0240748527103225,100.0
2000-10-01,-2.11431941942695,1.1555727223038392,3.2698921417307893,100.0
2000-11-01,-1.7954377618990098,1.2215958548538461,3.017033616752856,100.0
2000-12-01,-1.12589100071361,1.3677018561794787,2.4935928568930885,100.0
2001-01-01,-0.81823413419265,1.414817802230374,2.233051936423024,100.0
2001-02-01,-0.30405623200556003,1.5388718040218405,1.8429280360274005,100.0
2001-03-01,0.46247634573559004,1.924630214363185,1.462153868627595,100.0
2001-04-01,0.6139016245044701,1.9618579153558602,1.34795629085139,100.0
2001-05-01,0.01086934960339,1.7752183448307877,1.7643489952273976,100.0
2001-06-01,-0.09261741201780001,1.9036017858542658,1.9962191978720658,100.0
2001-07-01,0.44659785179834,2.0255408028433872,1.5789429510450472,100.0
2001-08-01,-0.47214672146069997,2.134338578781374,2.606485300242074,100.0
2001-09-01,0.67289873996547,2.661538180579168,1.9886394406136978,100.0
2001-10-01,0.643920712841,2.539900502183644,1.8959797893426438,100.0
2001-11-01,0.31638813101837,2.3592206775292293,2.0428325465108594,100.0
2001-12-01,0.31054556620513,2.3128681916734553,2.002322625468325,100.0
2002-01-01,0.78905068108023,2.359062832190893,1.5700121511106628,100.0
2002-02-01,1.54228890340064,2.5355866150461215,0.9932977116454815,100.0
2002-03-01,1.32139940358819,2.392218094182576,1.0708186905943862,100.0
2002-04-01,1.70681775400576,2.5807860530001827,0.8739682989944226,100.0
2002-05-01,1.69052596254353,2.722064608981103,1.0315386464375729,100.0
2002-06-01,2.21537037840957,3.0091103310017284,0.7937399525921585,100.0
2002-07-01,3.7123546768372297,3.568606027282467,0.14374864955476285,100.0
2002-08-01,3.91791761921036,3.5503954311409185,0.3675221880694415,100.0
2002-09-01,4.70807672275339,3.8266241955487077,0.881452527204682,100.0
2002-10-01,4.851198970971541,3.9291191543683377,0.9220798166032029,100.0
2002-11-01,3.93084778592571,3.621786980208586,0.3090608057171238,100.0
2002-12-01,4.2685327215542,3.6823381505828263,0.5861945709713736,100.0
2003-01-01,4.74403953858399,3.7337461824845093,1.0102933560994805,100.0
2003-02-01,5.67926132155189,4.139242736599162,1.540018584952728,100.0
2003-03-01,5.86177246128232,4.119210223599686,1.742562237682634,100.0
2003-04-01,5.45828504479284,3.8548547176090837,1.603430327183756,100.0
2003-05-01,5.3484219096966195,3.608760006463555,1.7396619032330642,100.0
2003-06-01,4.634469993842201,3.373783671673964,1.2606863221682367,100.0
2003-07-01,4.91512320244629,3.3768364899068732,1.538286712539417,100.0
2003-08-01,4.986392073794979,3.4283907697044165,1.558001304090563,100.0
2003-09-01,4.80619610559223,3.3272613287319537,1.4789347768602763,100.0
2003-10-01,4.83098827621542,3.2601418187795796,1.5708464574358403,100.0
2003-11-01,5.0951445981842705,3.2257339430909906,1.8694106550932799,100.0
2003-12-01,4.92622033538778,3.1237089800270286,1.802511355360751,100.0
2004-01-01,4.53476479357468,2.9783651503799082,1.5563996431947715,100.0
2004-02-01,4.42598385157042,2.993178144712278,1.432805706858142,100.0
2004-03-01,4.87222802562943,3.1229851327549265,1.7492428928745034,100.0
2004-04-01,4.79138775180507,3.13345041282441,1.65793733898066,100.0
2004-05-01,5.24854930284026,3.3073355719103694,1.9412137309298907,100.0
2004-06-01,5.29693897626046,3.236810725985157,2.060128250275303,100.0
2004-07-01,5.67984861036627,3.365527655750099,2.3143209546161714,100.0
2004-08-01,5.8056338623077,3.466915632298007,2.338718230009693,100.0
2004-09-01,5.71611617416787,3.391800660334079,2.324315513833791,100.0
2004-10-01,5.50411882830355,3.4468218521305323,2.057296976173018,100.0
2004-11-01,5.66035617007723,3.282984715994,2.37737145408323,100.0
2004-12-01,5.46433381714257,3.1900611649456145,2.274272652196956,100.0
2005-01-01,5.56181163034623,3.2890769452431856,2.2727346851030443,100.0
2005-02-01,5.69519220246994,3.2768906104819506,2.4183015919879893,100.0
2005-03-01,5.74772206871643,3.3531169939062413,2.394605074810189,100.0
2005-04-01,6.14817757626526,3.5184076093825243,2.6297699668827357,100.0
2005-05-01,6.04584004668793,3.487748741352099,2.558091305335831,100.0
2005-06-01,5.73956195207783,3.42917003421572,2.31039191786211,100.0
2005-07-01,5.58988164398452,3.404601232417191,2.185280411567329,100.0
2005-08-01,5.36713310733487,3.4445396537732327,1.9225934535616371,100.0
2005-09-01,4.996802399340701,3.5158191209856575,1.4809832783550432,100.0
2005-10-01,5.74823595004223,3.670916836237874,2.077319113804356,100.0
2005-11-01,5.58018090351664,3.5000201687306736,2.080160734785966,100.0
2005-12-01,5.23292868934852,3.427723112510353,1.805205576838167,100.0
2006-01-01,4.44690157548457,3.4333566754800637,1.013544900004506,100.0
2006-02-01,4.40345535412995,3.477256585828243,0.9261987683017074,100.0
2006-03-01,4.90738770319783,3.4734737982478303,1.4339139049499994,100.0
2006-04-01,5.15635443303439,3.5106873893446036,1.6456670436897864,100.0
2006-05-01,5.21689604023682,3.59941084012503,1.61748520011179,100.0
2006-06-01,5.60403298919809,3.760360868722057,1.843672120476033,100.0
2006-07-01,5.91955006262614,3.775640902958758,2.143909159667382,100.0
2006-08-01,5.81686874075553,3.7203152299481657,2.0965535108073645,100.0
2006-09-01,5.4290515744344,3.6275776096777905,1.8014739647566094,100.0
2006-10-01,4.931731244385349,3.493630938204911,1.4381003061804383,100.0
2006-11-01,4.84974079173683,3.4432530637348187,1.406487728002011,100.0
2006-12-01,5.04493547699509,3.399571224997512,1.6453642519975782,100.0
2007-01-01,5.093299693814,3.4189468353712322,1.6743528584427678,100.0
2007-02-01,5.21733038014484,3.411367968031421,1.8059624121134186,100.0
2007-03-01,5.75149553665643,3.5809708715333146,2.170524665123115,100.0
2007-04-01,5.34004999617183,3.4739103163419482,1.8661396798298817,100.0
2007-05-01,5.22068436002409,3.3996298363797886,1.8210545236443014,100.0
2007-06-01,5.38065470688235,3.4249912765974533,1.9556634302848965,100.0
2007-07-01,5.42842748564365,3.431885088563568,1.996542397080082,100.0
2007-08-01,5.85695348184871,3.6234551065124627,2.2334983753362474,100.0
2007-09-01,5.6832789146238705,3.5383424765444516,2.144936438079419,100.0
2007-10-01,5.68610103679492,3.455211832317103,2.230889204477817,100.0
2007-11-01,6.43827863847303,3.6994463892554923,2.738832249217538,100.0
2007-12-01,6.609052562655799,3.6654418321410596,2.94361073051474,100.0
2008-01-01,7.84918940401908,3.9958441394423008,3.8533452645767796,100.0
2008-02-01,7.685881821312369,4.093829791921842,3.592052029390527,100.0
2008-03-01,8.04868574665016,4.268166326526663,3.780519420123496,100.0
2008-04-01,7.44250375074966,4.111974107634142,3.3305296431155185,100.0
2008-05-01,7.4248898963235,4.041325048946558,3.3835648473769417,100.0
2008-06-01,8.20913522187174,4.293162735364928,3.9159724865068126,100.0
2008-07-01,9.117276894396339,4.630434232002519,4.48684266239382,100.0
2008-08-01,9.10398682969186,4.503774279654154,4.600212550037705,100.0
2008-09-01,9.80242779243354,4.752499867148429,5.049927925285112,100.0
2008-10-01,11.73446206857302,6.022609493660889,5.711852574912131,100.0
2008-11-01,12.32877349303918,6.498640174457398,5.830133318581781,100.0
2008-12-01,11.64697970260033,6.43573733511941,5.21124236748092,100.0
2009-01-01,11.9903801413137,6.5193189762147075,5.471061165098993,100.0
2009-02-01,13.41972856157924,7.0434896594096665,6.376238902169573,100.0
2009-03-01,14.27020431462029,7.4990206901886545,6.771183624431636,100.0
2009-04-01,13.33289585355743,6.578632097771132,6.7542637557862975,100.0
2009-05-01,12.44007754089771,6.100253301815393,6.339824239082317,100.0
2009-06-01,12.37353171075956,5.924332964836117,6.449198745923442,100.0
2009-07-01,12.61728579402776,5.786002017474152,6.831283776553608,100.0
2009-08-01,11.41228756118684,5.2546640817170776,6.157623479469763,100.0
2009-09-01,11.35025457162959,4.999147117877104,6.351107453752485,100.0
2009-10-01,11.07309735915176,4.8245839938694495,6.24851336528231,100.0
2009-11-01,11.33939360586264,4.679119707859643,6.6602738980029965,100.0
2009-12-01,11.35690119985968,4.522867797022252,6.834033402837427,100.0
2010-01-01,11.56869295242009,4.453757322853274,7.114935629566816,100.0
2010-02-01,11.88342224740137,4.610434032416995,7.272988214984375,100.0
2010-03-01,8.99958318527729,4.301693495545014,4.697889689732276,100.0
2010-04-01,9.1157985758824,4.0889075735488385,5.026891002333561,100.0
2010-05-01,10.41743678165152,4.418260550784846,5.9991762308666745,100.0
2010-06-01,11.44570537786624,4.616895663403135,6.828809714463105,100.0
2010-07-01,11.79078523833712,4.6260331873880585,7.164752050949062,100.0
2010-08-01,12.31610721901454,4.582940272089868,7.733166946924673,100.0
2010-09-01,11.864716983627451,4.393560615430072,7.471156368197379,100.0
2010-10-01,11.56499808974365,4.149887874393119,7.415110215350531,100.0
2010-11-01,11.73463406182546,4.022761715504661,7.711872346320799,100.0
2010-12-01,11.801886562262789,3.845379809789173,7.956506752473616,100.0
2011-01-01,11.73505650585402,3.704457341142999,8.03059916471102,100.0
2011-02-01,11.6571821620756,3.5855613637052266,8.071620798370374,100.0
2011-03-01,11.90302059269932,3.70859531374695,8.19442527895237,100.0
2011-04-01,12.29223287703975,3.649512263231391,8.642720613808358,100.0
2011-05-01,12.26633622404484,3.663845388959372,8.602490835085469,100.0
2011-06-01,12.77175373475465,3.880474609171653,8.891279125582997,100.0
2011-07-01,12.7238653575799,3.754097127405792,8.969768230174108,100.0
2011-08-01,14.223025185387051,4.417916203314295,9.805108982072756,100.0
2011-09-01,14.29011968624729,4.517219168252888,9.772900517994403,100.0
2011-10-01,13.88407291884095,4.376144557524755,9.507928361316194,100.0
2011-11-01,14.14713541041896,4.31701020606295,9.83012520435601,100.0
2011-12-01,13.938028915548358,4.261550154411406,9.676478761136952,100.0
2012-01-01,13.126854152476032,4.068607235822363,9.058246916653669,100.0
2012-02-01,12.28217666892272,3.914478325876943,8.367698343045777,100.0
2012-03-01,11.79926085057958,3.8486032788566216,7.950657571722958,100.0
2012-04-01,11.78816548693031,3.9141607732934496,7.874004713636861,100.0
2012-05-01,11.08894374056459,4.131047995354583,6.957895745210006,100.0
2012-06-01,10.669827465301559,4.238015002794333,6.431812462507226,100.0
2012-07-01,10.38592624549996,4.111636589558843,6.274289655941116,100.0
2012-08-01,10.77353723690244,4.003017342243572,6.770519894658868,100.0
2012-09-01,9.63805834479345,3.9084773816098815,5.729580963183569,100.0
2012-10-01,9.26938274568123,3.9626875968913917,5.306695148789839,100.0
2012-11-01,10.10879063691003,4.143936645228102,5.964853991681927,100.0
2012-12-01,9.87718287052188,4.053403095845991,5.823779774675889,100.0
2013-01-01,9.51355801015421,3.88514115949292,5.6284168506612895,100.0
2013-02-01,9.62866850892665,3.849777505923961,5.7788910030026885,100.0
2013-03-01,9.04093591659696,3.7645801116534954,5.276355804943464,100.0
2013-04-01,9.24446022394058,3.7265969576373066,5.517863266303273,100.0
2013-05-01,8.8287021832289,3.5465359804722834,5.282166202756617,100.0
2013-06-01,9.46871062073071,3.6581319624040693,5.81057865832664,100.0
2013-07-01,9.517707137200079,3.5360473727921633,5.981659764407915,100.0
2013-08-01,9.34569135632263,3.569069946823361,5.77662140949927,100.0
2013-09-01,9.09699270782677,3.554167764602769,5.542824943224001,100.0
2013-10-01,8.50949373395795,3.474463239577681,5.035030494380269,100.0
2013-11-01,8.58640968739476,3.315484997129927,5.270924690264833,100.0
2013-12-01,8.980865249517821,3.2777201624838463,5.703145087033975,100.0
2014-01-01,9.16995500597082,3.2828291290253047,5.8871258769455155,100.0
2014-02-01,9.60685840088559,3.3389971968977252,6.267861203987865,100.0
2014-03-01,9.66601507548554,3.2726014108652235,6.393413664620316,100.0
2014-04-01,9.52613746398405,3.309612614707214,6.216524849276835,100.0
2014-05-01,9.65180286425031,3.2840522175359568,6.367750646714354,100.0
2014-06-01,9.70597897578096,3.1753323856966,6.53064659008436,100.0
2014-07-01,9.78401428107262,3.1344029636168185,6.649611317455802,100.0
2014-08-01,9.69656427765064,3.175895053211806,6.5206692244388345,100.0
2014-09-01,9.78846295592641,3.1284749053228866,6.6599880506035225,100.0
2014-10-01,10.38493219980498,3.270525584285184,7.114406615519797,100.0
2014-11-01,9.989892401571481,3.0225519319678487,6.9673404696036325,100.0
2014-12-01,10.01442187939432,2.9980827493075353,7.016339130086784,100.0
2015-01-01,10.02556693168184,3.054111939501832,6.971454992180009,100.0
2015-02-01,9.8722811978708,2.977849722778668,6.894431475092132,100.0
