Date,Prediction,Actual,RMSE,Best_Params
1960-01-01,3.688893458878553,5.1609699366200505,1.4720764777414974,"{'n_estimators': 50, 'max_depth': 10}"
1960-02-01,4.325922541298167,5.18574610393267,0.8598235626345039,"{'n_estimators': 50, 'max_depth': 5}"
1960-03-01,4.808869372605012,5.45390317248741,0.6450337998823974,"{'n_estimators': 100, 'max_depth': 10}"
1960-04-01,4.3330119741586195,4.94884347322754,0.6158314990689204,"{'n_estimators': 50, 'max_depth': 5}"
1960-05-01,4.2967874450913985,3.74777730182829,0.5490101432631085,"{'n_estimators': 100, 'max_depth': 5}"
1960-06-01,4.421053008202148,3.29648614534536,1.124566862856788,"{'n_estimators': 200, 'max_depth': 5}"
1960-07-01,4.3133971761944006,3.5268890757965203,0.7865081003978802,"{'n_estimators': 100, 'max_depth': 5}"
1960-08-01,4.547577806533361,3.70556454559889,0.8420132609344715,"{'n_estimators': 50, 'max_depth': 10}"
1960-09-01,4.310596935221761,4.57793660541414,0.2673396701923796,"{'n_estimators': 100, 'max_depth': 5}"
1960-10-01,3.056114846116171,5.02964133508956,1.9735264889733894,"{'n_estimators': 100, 'max_depth': 5}"
1960-11-01,4.3116927908160445,4.63327085172033,0.32157806090428576,"{'n_estimators': 100, 'max_depth': 5}"
1960-12-01,4.293401659888691,5.02673350774369,0.7333318478549993,"{'n_estimators': 50, 'max_depth': 5}"
1961-01-01,2.9826321787514702,4.89482021718561,1.9121880384341399,"{'n_estimators': 200, 'max_depth': 5}"
1961-02-01,2.748388391733552,4.8460260605128,2.097637668779248,"{'n_estimators': 100, 'max_depth': 5}"
1961-03-01,0.8221218437416121,4.7623029721759895,3.9401811284343773,"{'n_estimators': 50, 'max_depth': 5}"
1961-04-01,0.6218068994227155,4.81268619524073,4.190879295818014,"{'n_estimators': 100, 'max_depth': 5}"
1961-05-01,0.08610813640087812,4.51258875796443,4.4264806215635515,"{'n_estimators': 100, 'max_depth': 10}"
1961-06-01,0.13171315067956002,4.38050706320893,4.24879391252937,"{'n_estimators': 200, 'max_depth': 20}"
1961-07-01,1.130218699939592,4.37901171458126,3.2487930146416684,"{'n_estimators': 50, 'max_depth': 20}"
1961-08-01,0.9546253302960598,3.7674533436010202,2.8128280133049604,"{'n_estimators': 50, 'max_depth': 20}"
1961-09-01,-0.04388436198562209,4.11377900502478,4.157663367010402,"{'n_estimators': 50, 'max_depth': 20}"
1961-10-01,0.8409109715868617,3.753836997554,2.9129260259671383,"{'n_estimators': 200, 'max_depth': 10}"
1961-11-01,-0.3043578039631038,2.8104043479765,3.114762151939604,"{'n_estimators': 50, 'max_depth': 20}"
1961-12-01,-0.07197120792926319,3.3538175321390797,3.425788740068343,"{'n_estimators': 100, 'max_depth': 20}"
1962-01-01,1.68056348807455,4.17105826024299,2.4904947721684403,"{'n_estimators': 50, 'max_depth': 10}"
1962-02-01,-0.2505200653107791,4.17319828251385,4.423718347824629,"{'n_estimators': 50, 'max_depth': 20}"
1962-03-01,-0.22735288570424023,4.38205075226736,4.6094036379716,"{'n_estimators': 100, 'max_depth': 20}"
1962-04-01,-0.04388436198562209,4.83498633188741,4.878870693873032,"{'n_estimators': 50, 'max_depth': 20}"
1962-05-01,2.9183045424069616,5.51185985515312,2.5935553127461586,"{'n_estimators': 50, 'max_depth': 20}"
1962-06-01,2.9135991427844794,6.827486498493821,3.9138873557093414,"{'n_estimators': 50, 'max_depth': 10}"
1962-07-01,4.270401428843057,6.47182822451888,2.2014267956758236,"{'n_estimators': 50, 'max_depth': 5}"
1962-08-01,4.501001245736686,6.52470935552145,2.0237081097847645,"{'n_estimators': 50, 'max_depth': 20}"
1962-09-01,4.361533310844416,6.46807842201797,2.1065451111735545,"{'n_estimators': 50, 'max_depth': 20}"
1962-10-01,3.2790932134845345,6.7708602152785495,3.491767001794015,"{'n_estimators': 100, 'max_depth': 5}"
1962-11-01,5.252307499368138,6.5501446156986205,1.2978371163304825,"{'n_estimators': 100, 'max_depth': 20}"
1962-12-01,1.755097879458483,6.28718597966837,4.5320881002098865,"{'n_estimators': 50, 'max_depth': 20}"
1963-01-01,2.747146441117965,5.93553936842161,3.188392927303645,"{'n_estimators': 100, 'max_depth': 10}"
1963-02-01,1.488935863984328,5.33693062376707,3.8479947597827415,"{'n_estimators': 50, 'max_depth': 5}"
1963-03-01,2.4966928918067155,5.14264223292693,2.645949341120214,"{'n_estimators': 200, 'max_depth': 5}"
1963-04-01,0.6849058122022177,4.3887278797796805,3.703822067577463,"{'n_estimators': 50, 'max_depth': 5}"
1963-05-01,0.08658760691414727,3.81264124453937,3.7260536376252227,"{'n_estimators': 100, 'max_depth': 10}"
1963-06-01,0.16051792841194618,3.5450858712644298,3.3845679428524837,"{'n_estimators': 50, 'max_depth': 10}"
1963-07-01,1.1272861034837027,3.80775797658754,2.680471873103837,"{'n_estimators': 50, 'max_depth': 10}"
1963-08-01,0.07639921388493792,3.14304775292979,3.066648539044852,"{'n_estimators': 100, 'max_depth': 10}"
1963-09-01,0.9144630256925192,3.0299155865835403,2.115452560891021,"{'n_estimators': 100, 'max_depth': 20}"
1963-10-01,0.5327609001435213,3.34915360195571,2.816392701812189,"{'n_estimators': 100, 'max_depth': 10}"
1963-11-01,0.06050384548450948,2.58233365244942,2.5218298069649108,"{'n_estimators': 50, 'max_depth': 10}"
1963-12-01,1.0766402636826717,1.58805221746098,0.5114119537783082,"{'n_estimators': 200, 'max_depth': 10}"
1964-01-01,-0.10444952489564667,1.33926730124198,1.4437168261376268,"{'n_estimators': 50, 'max_depth': 20}"
1964-02-01,0.2005119107050322,0.8083923909201599,0.6078804802151277,"{'n_estimators': 100, 'max_depth': 10}"
1964-03-01,-0.0003677768177640278,0.9253954388512999,0.9257632156690639,"{'n_estimators': 50, 'max_depth': 20}"
1964-04-01,1.0846218223426274,0.21808639941738,0.8665354229252473,"{'n_estimators': 100, 'max_depth': 10}"
1964-05-01,1.164798207636367,-0.30149969916433,1.466297906800697,"{'n_estimators': 50, 'max_depth': 10}"
1964-06-01,1.05906208387263,-0.27048679423669,1.3295488781093199,"{'n_estimators': 200, 'max_depth': 10}"
1964-07-01,0.9929730533036855,-1.89450392500539,2.8874769783090755,"{'n_estimators': 200, 'max_depth': 5}"
1964-08-01,1.4314979594657005,-2.29906801013305,3.7305659695987505,"{'n_estimators': 100, 'max_depth': 10}"
1964-09-01,0.9941078340760485,-3.5963149282603304,4.590422762336379,"{'n_estimators': 100, 'max_depth': 5}"
1964-10-01,1.593023181596508,-3.6528642143336696,5.245887395930177,"{'n_estimators': 100, 'max_depth': 10}"
1964-11-01,1.6834296178477925,-3.43272727812612,5.116156895973913,"{'n_estimators': 50, 'max_depth': 20}"
1964-12-01,1.4922063403608499,-3.96805567614091,5.46026201650176,"{'n_estimators': 50, 'max_depth': 10}"
1965-01-01,1.6025861940692827,-3.4755937557960803,5.078179949865363,"{'n_estimators': 50, 'max_depth': 10}"
1965-02-01,1.8497494976427233,-2.64890220948198,4.498651707124703,"{'n_estimators': 100, 'max_depth': 20}"
1965-03-01,1.6106627117510226,-2.21380649323538,3.8244692049864026,"{'n_estimators': 50, 'max_depth': 10}"
1965-04-01,1.8753373397492885,-2.22651252965739,4.101849869406679,"{'n_estimators': 50, 'max_depth': 20}"
1965-05-01,1.11657740259641,-1.81372001150913,2.93029741410554,"{'n_estimators': 50, 'max_depth': 20}"
1965-06-01,0.9626679917211954,-1.08932144798304,2.0519894397042355,"{'n_estimators': 50, 'max_depth': 10}"
1965-07-01,1.016206431590607,-1.16709277278281,2.1832992043734167,"{'n_estimators': 50, 'max_depth': 20}"
1965-08-01,1.3962737335027426,-2.1050276867498,3.5013014202525428,"{'n_estimators': 100, 'max_depth': 20}"
1965-09-01,1.8406161582568317,-2.58761315240095,4.428229310657781,"{'n_estimators': 200, 'max_depth': 20}"
1965-10-01,1.0792540432649664,-2.37788032011569,3.4571343633806566,"{'n_estimators': 50, 'max_depth': 20}"
1965-11-01,1.0500361811559555,-2.3561836699148597,3.4062198510708153,"{'n_estimators': 50, 'max_depth': 10}"
1965-12-01,1.1619091372041461,-2.45608214208239,3.617991279286536,"{'n_estimators': 200, 'max_depth': 20}"
1966-01-01,-0.007216959815478949,-1.77341607901369,1.766199119198211,"{'n_estimators': 200, 'max_depth': 10}"
1966-02-01,1.160323252066896,-1.3016897705553299,2.4620130226222257,"{'n_estimators': 200, 'max_depth': 10}"
1966-03-01,1.2323441063431109,-0.81990886933697,2.052252975680081,"{'n_estimators': 100, 'max_depth': 20}"
1966-04-01,0.948216293093237,-1.00947336423591,1.957689657329147,"{'n_estimators': 50, 'max_depth': 5}"
1966-05-01,-0.2960686823319771,-0.60843084754333,0.3123621652113529,"{'n_estimators': 100, 'max_depth': 20}"
1966-06-01,-0.1442771640509081,-0.48535843755380004,0.34108127350289197,"{'n_estimators': 50, 'max_depth': 10}"
1966-07-01,0.007783506969149273,-0.24684475548130003,0.2546282624504493,"{'n_estimators': 50, 'max_depth': 10}"
1966-08-01,0.9392014970929132,0.30032157325892,0.6388799238339933,"{'n_estimators': 50, 'max_depth': 5}"
1966-09-01,5.981880700572885,0.83725961215932,5.144621088413565,"{'n_estimators': 50, 'max_depth': 5}"
1966-10-01,8.338757180908452,0.58597346247946,7.752783718428992,"{'n_estimators': 100, 'max_depth': 20}"
1966-11-01,1.3527562593039777,0.012934079183079998,1.3398221801208976,"{'n_estimators': 100, 'max_depth': 20}"
1966-12-01,0.7419999490201196,0.27983091447607,0.46216903454404956,"{'n_estimators': 50, 'max_depth': 20}"
1967-01-01,-0.037516259132398096,-0.23003099633072,0.1925147371983219,"{'n_estimators': 200, 'max_depth': 20}"
1967-02-01,1.1063169520954848,-0.9335880523184299,2.0399050044139146,"{'n_estimators': 100, 'max_depth': 10}"
1967-03-01,0.4014334884044872,-1.23251214475457,1.6339456331590572,"{'n_estimators': 50, 'max_depth': 5}"
1967-04-01,0.5323829090005182,-1.59759493259649,2.1299778415970083,"{'n_estimators': 50, 'max_depth': 10}"
1967-05-01,0.6362986085757523,-1.81037099513581,2.4466696037115625,"{'n_estimators': 100, 'max_depth': 5}"
1967-06-01,0.4454628905468491,-1.6593517526992798,2.104814643246129,"{'n_estimators': 100, 'max_depth': 5}"
1967-07-01,0.8651230528803562,-1.74668251695804,2.6118055698383964,"{'n_estimators': 50, 'max_depth': 10}"
1967-08-01,0.6485072873750282,-2.13502055625495,2.783527843629978,"{'n_estimators': 50, 'max_depth': 5}"
1967-09-01,0.6485072873750282,-2.41328787929648,3.061795166671508,"{'n_estimators': 50, 'max_depth': 5}"
1967-10-01,-0.030483522687762582,-2.64164141012711,2.6111578874393473,"{'n_estimators': 100, 'max_depth': 10}"
1967-11-01,0.6161488359822104,-2.2791959816528,2.8953448176350105,"{'n_estimators': 100, 'max_depth': 10}"
1967-12-01,1.594092746582519,-2.58815124930902,4.182243995891539,"{'n_estimators': 50, 'max_depth': 10}"
1968-01-01,-0.2694154193605147,-2.92678669783916,2.6573712784786454,"{'n_estimators': 50, 'max_depth': 10}"
1968-02-01,0.07366697876821315,-2.6320637692261397,2.7057307479943526,"{'n_estimators': 200, 'max_depth': 10}"
1968-03-01,1.2637725856221724,-2.50148949914358,3.7652620847657525,"{'n_estimators': 50, 'max_depth': 20}"
1968-04-01,0.6036990980364961,-2.80887777353898,3.412576871575476,"{'n_estimators': 100, 'max_depth': 5}"
1968-05-01,0.0904676831196534,-2.59576464920555,2.6862323323252038,"{'n_estimators': 200, 'max_depth': 10}"
1968-06-01,1.1071995621092439,-2.86096205249908,3.9681616146083236,"{'n_estimators': 50, 'max_depth': 10}"
1968-07-01,0.8049648800261759,-2.88994651085006,3.694911390876236,"{'n_estimators': 50, 'max_depth': 5}"
1968-08-01,0.9180696455483058,-2.02599536456709,2.944065010115396,"{'n_estimators': 50, 'max_depth': 5}"
1968-09-01,0.5370957402501435,-2.36989169817403,2.9069874384241734,"{'n_estimators': 100, 'max_depth': 5}"
1968-10-01,1.0800215471645493,-2.93677123627972,4.016792783444269,"{'n_estimators': 50, 'max_depth': 10}"
1968-11-01,0.3505184718120738,-3.6643228172882596,4.0148412891003336,"{'n_estimators': 100, 'max_depth': 10}"
1968-12-01,0.8599235003604183,-3.6194372497889398,4.479360750149358,"{'n_estimators': 50, 'max_depth': 5}"
1969-01-01,0.9980989818085098,-2.88721016447751,3.8853091462860196,"{'n_estimators': 100, 'max_depth': 5}"
1969-02-01,0.5186616598702107,-3.0255130155565397,3.5441746754267505,"{'n_estimators': 100, 'max_depth': 10}"
1969-03-01,0.7499316673426292,-2.6294536014482497,3.379385268790879,"{'n_estimators': 200, 'max_depth': 5}"
1969-04-01,0.5941791163903803,-2.67142145027811,3.2656005666684904,"{'n_estimators': 100, 'max_depth': 5}"
1969-05-01,0.810137131662357,-3.2877791186195098,4.097916250281867,"{'n_estimators': 50, 'max_depth': 5}"
1969-06-01,1.0610707886271151,-2.61559920870978,3.6766699973368953,"{'n_estimators': 50, 'max_depth': 5}"
1969-07-01,5.456213085822688,-2.1122186476369698,7.568431733459658,"{'n_estimators': 50, 'max_depth': 5}"
1969-08-01,6.677920412845548,-1.64423305545108,8.322153468296628,"{'n_estimators': 200, 'max_depth': 10}"
1969-09-01,5.789171424749835,-1.6346310010965301,7.423802425846365,"{'n_estimators': 50, 'max_depth': 20}"
1969-10-01,6.873479286478636,-2.12596026719444,8.999439553673076,"{'n_estimators': 50, 'max_depth': 10}"
1969-11-01,6.26890120697831,-2.2925778303101296,8.56147903728844,"{'n_estimators': 50, 'max_depth': 5}"
1969-12-01,6.350396714108289,-1.41370359892347,7.764100313031759,"{'n_estimators': 200, 'max_depth': 5}"
1970-01-01,6.332988397879246,-1.1477621398428501,7.480750537722097,"{'n_estimators': 50, 'max_depth': 5}"
1970-02-01,6.033868200968888,-0.48549116449231,6.519359365461198,"{'n_estimators': 200, 'max_depth': 5}"
1970-03-01,9.130056087777383,-1.6882974241758602,10.818353511953244,"{'n_estimators': 50, 'max_depth': 10}"
1970-04-01,9.1932915909828,-1.56181912689615,10.755110717878951,"{'n_estimators': 50, 'max_depth': 5}"
1970-05-01,9.34589948126225,0.03291134671612,9.312988134546131,"{'n_estimators': 200, 'max_depth': 10}"
1970-06-01,8.364869386151815,0.6684580177345101,7.696411368417305,"{'n_estimators': 50, 'max_depth': 5}"
1970-07-01,7.913603089010612,1.15743139559907,6.7561716934115426,"{'n_estimators': 200, 'max_depth': 5}"
1970-08-01,7.771401090486804,1.10893055109326,6.662470539393544,"{'n_estimators': 200, 'max_depth': 5}"
1970-09-01,7.291100702899517,0.73995040543766,6.551150297461858,"{'n_estimators': 50, 'max_depth': 5}"
1970-10-01,7.1738017751533665,0.77786185512358,6.395939920029787,"{'n_estimators': 100, 'max_depth': 5}"
1970-11-01,7.04336636956309,1.18102797955617,5.86233839000692,"{'n_estimators': 50, 'max_depth': 20}"
1970-12-01,9.184698952964983,0.31555751529843,8.869141437666553,"{'n_estimators': 100, 'max_depth': 20}"
1971-01-01,5.979893885175582,-0.16709123430016,6.146985119475742,"{'n_estimators': 50, 'max_depth': 10}"
1971-02-01,5.775872505005442,-0.9586367071483001,6.734509212153742,"{'n_estimators': 100, 'max_depth': 5}"
1971-03-01,5.810486564413821,-0.87534280564596,6.68582937005978,"{'n_estimators': 100, 'max_depth': 5}"
1971-04-01,5.950011011966308,-1.14716032578183,7.097171337748138,"{'n_estimators': 100, 'max_depth': 10}"
1971-05-01,5.856928749348367,-1.2261023454120101,7.083031094760377,"{'n_estimators': 50, 'max_depth': 5}"
1971-06-01,5.601789093483493,-0.9966835847881401,6.598472678271634,"{'n_estimators': 50, 'max_depth': 10}"
1971-07-01,5.5652860869153855,-1.23612564954272,6.801411736458105,"{'n_estimators': 100, 'max_depth': 5}"
1971-08-01,6.698313600123987,-1.05667923166085,7.754992831784836,"{'n_estimators': 50, 'max_depth': 5}"
1971-09-01,5.819261829209962,-2.24577441579947,8.065036245009432,"{'n_estimators': 100, 'max_depth': 10}"
1971-10-01,8.060291988038198,-1.89054545665326,9.950837444691459,"{'n_estimators': 50, 'max_depth': 10}"
1971-11-01,5.883651252585505,-1.18648291712324,7.070134169708745,"{'n_estimators': 200, 'max_depth': 5}"
1971-12-01,6.3129735175336394,-1.73583700374462,8.04881052127826,"{'n_estimators': 50, 'max_depth': 5}"
1972-01-01,5.861497118750282,-2.6714873596010698,8.532984478351352,"{'n_estimators': 50, 'max_depth': 5}"
1972-02-01,5.831918712684864,-3.0433439385573102,8.875262651242174,"{'n_estimators': 50, 'max_depth': 5}"
1972-03-01,5.90729104402271,-3.5287453923462198,9.43603643636893,"{'n_estimators': 50, 'max_depth': 10}"
1972-04-01,5.801789523049995,-3.1522616565126302,8.954051179562626,"{'n_estimators': 100, 'max_depth': 5}"
1972-05-01,5.798420279778306,-3.0896914942138,8.888111773992106,"{'n_estimators': 100, 'max_depth': 5}"
1972-06-01,5.851919266094982,-3.75913440646755,9.611053672562532,"{'n_estimators': 50, 'max_depth': 5}"
1972-07-01,5.890460015025747,-3.69041667214332,9.580876687169066,"{'n_estimators': 50, 'max_depth': 5}"
1972-08-01,5.812839222238283,-3.96823426517599,9.781073487414274,"{'n_estimators': 100, 'max_depth': 5}"
1972-09-01,5.882579682276115,-2.74370415822574,8.626283840501856,"{'n_estimators': 200, 'max_depth': 5}"
1972-10-01,5.858661728324738,-1.93714234420522,7.7958040725299576,"{'n_estimators': 100, 'max_depth': 5}"
1972-11-01,5.948061844166414,-1.96464527480457,7.912707118970984,"{'n_estimators': 50, 'max_depth': 5}"
1972-12-01,5.308469738921757,-1.99361000495763,7.302079743879387,"{'n_estimators': 200, 'max_depth': 5}"
1973-01-01,5.288357891049337,-1.70929714051176,6.997655031561097,"{'n_estimators': 200, 'max_depth': 5}"
1973-02-01,5.9356791187566,-1.10896569389608,7.044644812652679,"{'n_estimators': 50, 'max_depth': 5}"
1973-03-01,5.889165704402428,-0.50631756542042,6.395483269822848,"{'n_estimators': 100, 'max_depth': 5}"
1973-04-01,5.6741622069260975,0.06599084043763,5.608171366488468,"{'n_estimators': 50, 'max_depth': 5}"
1973-05-01,5.679384243462648,0.76997385593502,4.909410387527628,"{'n_estimators': 50, 'max_depth': 5}"
1973-06-01,9.274462131935202,1.18665240778284,8.087809724152361,"{'n_estimators': 200, 'max_depth': 5}"
1973-07-01,9.160957727193468,1.11858986483297,8.042367862360498,"{'n_estimators': 100, 'max_depth': 5}"
1973-08-01,5.694330603866827,1.18959062608101,4.504739977785817,"{'n_estimators': 50, 'max_depth': 5}"
1973-09-01,5.4013593430429445,1.29162795818476,4.1097313848581845,"{'n_estimators': 200, 'max_depth': 5}"
1973-10-01,9.154299229964082,0.99629290667921,8.158006323284871,"{'n_estimators': 200, 'max_depth': 5}"
1973-11-01,7.781990964023984,1.6454975003629801,6.136493463661004,"{'n_estimators': 50, 'max_depth': 5}"
1973-12-01,7.0548383358335744,2.4077050220234,4.6471333138101745,"{'n_estimators': 50, 'max_depth': 5}"
1974-01-01,7.029769766651168,2.42294438662571,4.606825380025459,"{'n_estimators': 100, 'max_depth': 5}"
1974-02-01,8.02284556496646,2.22301865028164,5.79982691468482,"{'n_estimators': 50, 'max_depth': 5}"
1974-03-01,8.223459468696229,1.92050133382453,6.302958134871698,"{'n_estimators': 100, 'max_depth': 5}"
1974-04-01,10.626178020882847,2.4697271508143,8.156450870068547,"{'n_estimators': 50, 'max_depth': 5}"
1974-05-01,10.915869515066838,2.82305605523798,8.092813459828857,"{'n_estimators': 50, 'max_depth': 5}"
1974-06-01,12.036761921203816,2.63903108821164,9.397730832992176,"{'n_estimators': 200, 'max_depth': 5}"
1974-07-01,14.147890629180727,3.83215556718379,10.315735061996937,"{'n_estimators': 200, 'max_depth': 5}"
1974-08-01,15.773202808701805,5.23983758513104,10.533365223570765,"{'n_estimators': 100, 'max_depth': 5}"
1974-09-01,8.500607793002803,6.580788021937729,1.9198197710650744,"{'n_estimators': 50, 'max_depth': 5}"
1974-10-01,8.31923622192285,6.361215896785439,1.9580203251374106,"{'n_estimators': 50, 'max_depth': 5}"
1974-11-01,11.914646770045975,6.18952509985482,5.725121670191155,"{'n_estimators': 100, 'max_depth': 5}"
1974-12-01,7.695803105321005,6.86608257196788,0.8297205333531252,"{'n_estimators': 50, 'max_depth': 5}"
1975-01-01,11.467487402236197,6.49319145396334,4.974295948272856,"{'n_estimators': 100, 'max_depth': 5}"
1975-02-01,12.015345406370036,6.0315045360044,5.983840870365636,"{'n_estimators': 200, 'max_depth': 5}"
1975-03-01,15.160660680409634,5.467849026249301,9.692811654160334,"{'n_estimators': 50, 'max_depth': 5}"
1975-04-01,14.860920823659548,5.4102054931585295,9.45071533050102,"{'n_estimators': 100, 'max_depth': 5}"
1975-05-01,13.869337849295121,5.03077420472255,8.83856364457257,"{'n_estimators': 200, 'max_depth': 5}"
1975-06-01,11.543088515361035,5.0408871619805,6.502201353380535,"{'n_estimators': 100, 'max_depth': 5}"
1975-07-01,12.989804228384092,5.32700790039371,7.662796327990382,"{'n_estimators': 200, 'max_depth': 5}"
1975-08-01,14.614945737849602,5.8963523143215,8.718593423528102,"{'n_estimators': 200, 'max_depth': 5}"
1975-09-01,15.553882896328453,5.81467708071863,9.739205815609823,"{'n_estimators': 200, 'max_depth': 5}"
1975-10-01,14.366393280025273,5.478083843122071,8.888309436903203,"{'n_estimators': 100, 'max_depth': 5}"
1975-11-01,14.423518645030521,5.97010097401355,8.453417671016972,"{'n_estimators': 100, 'max_depth': 5}"
1975-12-01,15.162335715459232,6.654074724163039,8.508260991296194,"{'n_estimators': 50, 'max_depth': 5}"
1976-01-01,11.188247364873849,5.75552004614769,5.432727318726159,"{'n_estimators': 50, 'max_depth': 5}"
1976-02-01,11.76922917912833,5.9759385545582395,5.79329062457009,"{'n_estimators': 100, 'max_depth': 5}"
1976-03-01,11.716378997958955,6.59650765760719,5.119871340351765,"{'n_estimators': 50, 'max_depth': 5}"
1976-04-01,11.68387144592347,6.8264915193053,4.8573799266181705,"{'n_estimators': 50, 'max_depth': 5}"
1976-05-01,11.564672946029397,6.966340640356659,4.598332305672738,"{'n_estimators': 100, 'max_depth': 5}"
1976-06-01,11.68613722630514,7.19846534420483,4.487671882100311,"{'n_estimators': 200, 'max_depth': 5}"
1976-07-01,11.637825972792722,6.77854120560914,4.859284767183582,"{'n_estimators': 200, 'max_depth': 5}"
1976-08-01,11.760321062659047,7.11628335415959,4.644037708499457,"{'n_estimators': 100, 'max_depth': 5}"
1976-09-01,11.839470763782149,6.58168442116924,5.257786342612909,"{'n_estimators': 50, 'max_depth': 5}"
1976-10-01,11.43792228356901,6.9544710671768595,4.483451216392151,"{'n_estimators': 50, 'max_depth': 5}"
1976-11-01,11.231925900868443,7.3741610091351895,3.857764891733254,"{'n_estimators': 100, 'max_depth': 5}"
1976-12-01,11.71285101916356,7.183943193708201,4.528907825455359,"{'n_estimators': 200, 'max_depth': 5}"
1977-01-01,11.26889389062196,7.92373673156512,3.34515715905684,"{'n_estimators': 50, 'max_depth': 5}"
1977-02-01,11.46183356652064,8.93394897560515,2.527884590915491,"{'n_estimators': 50, 'max_depth': 5}"
1977-03-01,12.939179528152271,9.43201595783886,3.507163570313411,"{'n_estimators': 100, 'max_depth': 5}"
1977-04-01,13.97723597907484,9.50215626131854,4.4750797177563,"{'n_estimators': 100, 'max_depth': 5}"
1977-05-01,14.510046934748898,9.52949361660973,4.980553318139167,"{'n_estimators': 50, 'max_depth': 5}"
1977-06-01,14.450128312267303,9.94754033381055,4.502587978456752,"{'n_estimators': 100, 'max_depth': 5}"
1977-07-01,14.446562776555844,10.17057469131228,4.275988085243563,"{'n_estimators': 100, 'max_depth': 5}"
1977-08-01,14.855196510788522,11.072523406677389,3.782673104111133,"{'n_estimators': 200, 'max_depth': 5}"
1977-09-01,14.99173430992026,10.840109360941371,4.151624948978888,"{'n_estimators': 50, 'max_depth': 5}"
1977-10-01,12.287620581832655,9.70059401393503,2.5870265678976256,"{'n_estimators': 50, 'max_depth': 5}"
1977-11-01,12.61006477097399,8.20694448285066,4.403120288123329,"{'n_estimators': 200, 'max_depth': 5}"
1977-12-01,13.10001958267081,8.1048218319675,4.99519775070331,"{'n_estimators': 100, 'max_depth': 5}"
1978-01-01,7.265184575144481,8.971822063712121,1.7066374885676403,"{'n_estimators': 50, 'max_depth': 5}"
1978-02-01,12.164481539723964,9.477266521704369,2.687215018019595,"{'n_estimators': 200, 'max_depth': 5}"
1978-03-01,11.785013353542901,9.836358000947131,1.94865535259577,"{'n_estimators': 50, 'max_depth': 5}"
1978-04-01,8.027533311402173,9.25189488884892,1.2243615774467465,"{'n_estimators': 200, 'max_depth': 5}"
1978-05-01,12.546769364812533,8.49227002526282,4.054499339549713,"{'n_estimators': 100, 'max_depth': 5}"
1978-06-01,12.171456281340737,9.12427446160417,3.0471818197365668,"{'n_estimators': 200, 'max_depth': 5}"
1978-07-01,6.735027742832785,9.13467085775028,2.3996431149174944,"{'n_estimators': 50, 'max_depth': 5}"
1978-08-01,14.813705708376247,8.18158447201311,6.632121236363137,"{'n_estimators': 200, 'max_depth': 5}"
1978-09-01,15.184759031973892,8.35417319112878,6.830585840845112,"{'n_estimators': 100, 'max_depth': 5}"
1978-10-01,12.303449652627982,9.12731891750973,3.176130735118253,"{'n_estimators': 100, 'max_depth': 5}"
1978-11-01,11.710442648786664,9.55532222395814,2.1551204248285245,"{'n_estimators': 50, 'max_depth': 5}"
1978-12-01,11.841968263557776,9.629254190730279,2.212714072827497,"{'n_estimators': 200, 'max_depth': 5}"
1979-01-01,7.276856019359749,9.60033615161357,2.323480132253821,"{'n_estimators': 50, 'max_depth': 5}"
1979-02-01,11.859046974264274,10.156353988021149,1.7026929862431253,"{'n_estimators': 200, 'max_depth': 5}"
1979-03-01,12.112351491509061,9.93159807436503,2.1807534171440306,"{'n_estimators': 200, 'max_depth': 5}"
1979-04-01,12.04274794328893,10.10617980298147,1.9365681403074593,"{'n_estimators': 100, 'max_depth': 5}"
1979-05-01,7.854892422801627,10.8400152970846,2.9851228742829727,"{'n_estimators': 200, 'max_depth': 5}"
1979-06-01,8.718227188337652,11.04179791658224,2.3235707282445883,"{'n_estimators': 100, 'max_depth': 5}"
1979-07-01,8.846250089460003,11.287090177119929,2.440840087659925,"{'n_estimators': 100, 'max_depth': 5}"
1979-08-01,11.720213267990113,11.34078443352586,0.37942883446425313,"{'n_estimators': 50, 'max_depth': 5}"
1979-09-01,11.784371212665281,11.30555260361936,0.47881860904592166,"{'n_estimators': 50, 'max_depth': 5}"
1979-10-01,8.407518823912632,11.75345005739023,3.3459312334775984,"{'n_estimators': 100, 'max_depth': 5}"
1979-11-01,9.094684341677327,11.66186041560251,2.5671760739251823,"{'n_estimators': 200, 'max_depth': 5}"
1979-12-01,8.32913660235251,11.581447133810329,3.2523105314578196,"{'n_estimators': 200, 'max_depth': 5}"
1980-01-01,8.465403559608596,11.01402082141322,2.5486172618046243,"{'n_estimators': 200, 'max_depth': 5}"
1980-02-01,11.546985569222898,10.35778271132481,1.1892028578980867,"{'n_estimators': 50, 'max_depth': 5}"
1980-03-01,7.997151619870101,11.78175713323863,3.784605513368529,"{'n_estimators': 100, 'max_depth': 5}"
1980-04-01,8.113336396557493,12.04204269759121,3.928706301033717,"{'n_estimators': 100, 'max_depth': 5}"
1980-05-01,7.905643210817131,11.998882624858789,4.0932394140416575,"{'n_estimators': 200, 'max_depth': 5}"
1980-06-01,9.339917151358957,11.66744129574879,2.327524144389832,"{'n_estimators': 100, 'max_depth': 5}"
1980-07-01,10.460886218958294,11.10316674280786,0.6422805238495659,"{'n_estimators': 100, 'max_depth': 5}"
1980-08-01,11.870914860048078,9.79691859901767,2.0739962610304072,"{'n_estimators': 100, 'max_depth': 5}"
1980-09-01,10.259270703016579,9.0057723227128,1.2534983803037782,"{'n_estimators': 100, 'max_depth': 5}"
1980-10-01,7.620225192988162,8.43323771458806,0.813012521599898,"{'n_estimators': 100, 'max_depth': 5}"
1980-11-01,12.742021296600551,8.32776648239526,4.414254814205291,"{'n_estimators': 100, 'max_depth': 5}"
1980-12-01,7.103017560792971,9.05256609547462,1.9495485346816501,"{'n_estimators': 100, 'max_depth': 5}"
1981-01-01,7.5559778760832454,8.999376528357491,1.4433986522742455,"{'n_estimators': 100, 'max_depth': 5}"
1981-02-01,8.45799362209966,10.64422441133434,2.1862307892346795,"{'n_estimators': 100, 'max_depth': 5}"
1981-03-01,11.902779575552847,10.58547408601895,1.3173054895338971,"{'n_estimators': 50, 'max_depth': 5}"
1981-04-01,12.390062215367518,10.74859855654792,1.6414636588195979,"{'n_estimators': 200, 'max_depth': 5}"
1981-05-01,8.484394005435037,10.96327145013311,2.478877444698073,"{'n_estimators': 200, 'max_depth': 5}"
1981-06-01,8.378950547179306,10.97245625758118,2.5935057104018746,"{'n_estimators': 200, 'max_depth': 5}"
1981-07-01,7.887082488716462,11.39085753991322,3.503775051196758,"{'n_estimators': 200, 'max_depth': 5}"
1981-08-01,7.99489508001559,11.64852364920596,3.653628569190369,"{'n_estimators': 50, 'max_depth': 5}"
1981-09-01,8.11800097010614,12.645967903323442,4.527966933217302,"{'n_estimators': 100, 'max_depth': 5}"
1981-10-01,8.145448669841794,12.481013401317021,4.335564731475227,"{'n_estimators': 100, 'max_depth': 5}"
1981-11-01,8.056641890668068,12.14905586663286,4.092413975964792,"{'n_estimators': 200, 'max_depth': 5}"
1981-12-01,8.065447567300852,12.149326611580449,4.0838790442795965,"{'n_estimators': 200, 'max_depth': 5}"
1982-01-01,8.092780642852556,13.525435079719369,5.432654436866812,"{'n_estimators': 100, 'max_depth': 5}"
1982-02-01,8.022028857101466,13.671369118165039,5.649340261063573,"{'n_estimators': 200, 'max_depth': 5}"
1982-03-01,8.131279058523631,13.80266687949665,5.671387820973019,"{'n_estimators': 50, 'max_depth': 5}"
1982-04-01,8.05832771302076,13.25950616870195,5.201178455681191,"{'n_estimators': 100, 'max_depth': 5}"
1982-05-01,8.011513671486533,13.51777288868461,5.506259217198076,"{'n_estimators': 200, 'max_depth': 5}"
1982-06-01,8.118187911398373,14.08243126750017,5.964243356101797,"{'n_estimators': 50, 'max_depth': 5}"
1982-07-01,8.060995250723295,14.30515212015299,6.244156869429695,"{'n_estimators': 200, 'max_depth': 5}"
1982-08-01,8.10307238399176,14.31275985462921,6.20968747063745,"{'n_estimators': 50, 'max_depth': 5}"
1982-09-01,8.12243728034221,13.04857160174579,4.92613432140358,"{'n_estimators': 50, 'max_depth': 5}"
1982-10-01,8.097366920080958,11.95215720640898,3.854790286328022,"{'n_estimators': 100, 'max_depth': 5}"
1982-11-01,7.891045219390379,11.72542550530035,3.8343802859099716,"{'n_estimators': 100, 'max_depth': 5}"
1982-12-01,8.095785861167379,11.89690134360594,3.8011154824385613,"{'n_estimators': 50, 'max_depth': 5}"
1983-01-01,8.522667142967055,11.45070153701413,2.9280343940470743,"{'n_estimators': 50, 'max_depth': 5}"
1983-02-01,10.91584975026284,11.37872294809714,0.46287319783430014,"{'n_estimators': 200, 'max_depth': 5}"
1983-03-01,7.370727417412142,11.15459652345689,3.7838691060447482,"{'n_estimators': 50, 'max_depth': 5}"
1983-04-01,11.737431547415916,10.59706013415338,1.1403714132625353,"{'n_estimators': 50, 'max_depth': 5}"
1983-05-01,15.510757311928842,10.25041728369018,5.260340028238662,"{'n_estimators': 50, 'max_depth': 5}"
1983-06-01,14.949214504315057,10.171755700388479,4.777458803926578,"{'n_estimators': 50, 'max_depth': 5}"
1983-07-01,14.809274587526522,10.14482829963423,4.664446287892291,"{'n_estimators': 200, 'max_depth': 5}"
1983-08-01,12.514488350932192,10.60906739376594,1.9054209571662515,"{'n_estimators': 100, 'max_depth': 5}"
1983-09-01,14.959207135183583,10.42953585223243,4.529671282951153,"{'n_estimators': 50, 'max_depth': 5}"
1983-10-01,14.912116522394832,10.48168317811664,4.4304333442781925,"{'n_estimators': 100, 'max_depth': 5}"
1983-11-01,15.524252714855761,10.623588135321329,4.900664579534432,"{'n_estimators': 100, 'max_depth': 5}"
1983-12-01,15.2455217581544,10.74634707816972,4.49917467998468,"{'n_estimators': 50, 'max_depth': 5}"
1984-01-01,15.616285812363907,10.79876312683869,4.817522685525217,"{'n_estimators': 100, 'max_depth': 5}"
1984-02-01,7.044901020688036,11.3896717110254,4.344770690337365,"{'n_estimators': 50, 'max_depth': 5}"
1984-03-01,7.549084665439604,11.16473904524248,3.6156543798028764,"{'n_estimators': 100, 'max_depth': 5}"
1984-04-01,6.975130195060458,10.76962112399326,3.7944909289328033,"{'n_estimators': 50, 'max_depth': 5}"
1984-05-01,7.792527779058726,10.938875012197501,3.1463472331387754,"{'n_estimators': 200, 'max_depth': 5}"
1984-06-01,12.125012654284344,11.2629945585579,0.8620180957264445,"{'n_estimators': 200, 'max_depth': 5}"
1984-07-01,8.89175158205021,11.31938853423488,2.4276369521846703,"{'n_estimators': 50, 'max_depth': 5}"
1984-08-01,12.873952897286117,10.6764695039567,2.197483393329417,"{'n_estimators': 200, 'max_depth': 5}"
1984-09-01,12.842794572596501,10.63501794532386,2.207776627272642,"{'n_estimators': 50, 'max_depth': 5}"
1984-10-01,12.012380983080813,10.65557673390629,1.3568042491745231,"{'n_estimators': 200, 'max_depth': 5}"
1984-11-01,12.486131849829931,10.45845846160276,2.0276733882271714,"{'n_estimators': 50, 'max_depth': 5}"
1984-12-01,12.031788592027187,10.42288377667199,1.6089048153551975,"{'n_estimators': 200, 'max_depth': 5}"
1985-01-01,14.485056177294878,10.1602663507621,4.324789826532777,"{'n_estimators': 200, 'max_depth': 5}"
1985-02-01,13.771681295106973,9.9615297703139,3.8101515247930724,"{'n_estimators': 200, 'max_depth': 5}"
1985-03-01,12.9003312755084,10.29732942127608,2.6030018542323194,"{'n_estimators': 100, 'max_depth': 5}"
1985-04-01,12.993530009934755,10.54959502085612,2.4439349890786346,"{'n_estimators': 50, 'max_depth': 5}"
1985-05-01,13.02108129868734,10.63475615535809,2.38632514332925,"{'n_estimators': 200, 'max_depth': 5}"
1985-06-01,11.902743562858491,10.71565193131705,1.187091631541442,"{'n_estimators': 200, 'max_depth': 5}"
1985-07-01,11.099674862863312,10.87620855965088,0.22346630321243133,"{'n_estimators': 100, 'max_depth': 5}"
1985-08-01,12.807162772620588,11.1312213640113,1.6759414086092885,"{'n_estimators': 50, 'max_depth': 5}"
1985-09-01,12.976591723827317,11.75911215132323,1.2174795725040877,"{'n_estimators': 50, 'max_depth': 5}"
1985-10-01,12.831946683618273,11.699545839275661,1.1324008443426123,"{'n_estimators': 100, 'max_depth': 5}"
1985-11-01,11.23511857724804,11.30360579625291,0.06848721900487043,"{'n_estimators': 50, 'max_depth': 5}"
1985-12-01,11.393921945845145,11.13832933132175,0.25559261452339577,"{'n_estimators': 200, 'max_depth': 5}"
1986-01-01,11.384259502889893,11.03866339872452,0.3455961041653737,"{'n_estimators': 200, 'max_depth': 5}"
1986-02-01,10.58747992478669,10.99405597776628,0.4065760529795899,"{'n_estimators': 100, 'max_depth': 5}"
1986-03-01,6.0813464039959,10.20065508737588,4.11930868337998,"{'n_estimators': 50, 'max_depth': 5}"
1986-04-01,5.468433078336797,9.86214540478656,4.393712326449763,"{'n_estimators': 200, 'max_depth': 5}"
1986-05-01,5.716674774218047,10.07337068963858,4.3566959154205325,"{'n_estimators': 100, 'max_depth': 5}"
1986-06-01,7.09262329546724,9.92715282481846,2.8345295293512205,"{'n_estimators': 100, 'max_depth': 5}"
1986-07-01,6.424965238135554,9.71748687483542,3.292521636699865,"{'n_estimators': 50, 'max_depth': 5}"
1986-08-01,7.1097095855881784,9.80155292754698,2.691843341958802,"{'n_estimators': 200, 'max_depth': 5}"
1986-09-01,5.552295589161463,10.31088235866306,4.758586769501597,"{'n_estimators': 50, 'max_depth': 5}"
1986-10-01,6.069677323056738,10.74210452551678,4.6724272024600415,"{'n_estimators': 100, 'max_depth': 5}"
1986-11-01,7.041065631659381,10.89262320822423,3.851557576564848,"{'n_estimators': 50, 'max_depth': 5}"
1986-12-01,6.627109320601829,10.84688733372283,4.219778013121001,"{'n_estimators': 100, 'max_depth': 5}"
1987-01-01,5.618021415107051,10.521712997774289,4.903691582667238,"{'n_estimators': 100, 'max_depth': 5}"
1987-02-01,6.0819303329072865,10.30666167005045,4.224731337143164,"{'n_estimators': 50, 'max_depth': 5}"
1987-03-01,4.041051898653916,9.78808838023976,5.747036481585844,"{'n_estimators': 200, 'max_depth': 5}"
1987-04-01,5.02462660231253,9.547154030797241,4.522527428484711,"{'n_estimators': 100, 'max_depth': 5}"
1987-05-01,4.871169809074559,10.54416961724187,5.672999808167311,"{'n_estimators': 100, 'max_depth': 5}"
1987-06-01,3.9016403194407188,10.657640898187081,6.756000578746362,"{'n_estimators': 50, 'max_depth': 5}"
1987-07-01,3.2491046476937067,10.950345027898202,7.701240380204495,"{'n_estimators': 50, 'max_depth': 5}"
1987-08-01,3.9035576207484013,10.33421753377836,6.4306599130299595,"{'n_estimators': 100, 'max_depth': 5}"
1987-09-01,2.331886906198915,10.83585202171864,8.503965115519726,"{'n_estimators': 200, 'max_depth': 5}"
1987-10-01,4.821469331338908,12.42782151631709,7.606352184978182,"{'n_estimators': 200, 'max_depth': 5}"
1987-11-01,6.101822151002304,13.79844068422759,7.696618533225285,"{'n_estimators': 100, 'max_depth': 5}"
1987-12-01,7.314048699390626,14.26218669849701,6.948137999106383,"{'n_estimators': 50, 'max_depth': 5}"
1988-01-01,7.065672826514587,13.823197341745061,6.757524515230474,"{'n_estimators': 100, 'max_depth': 5}"
1988-02-01,6.716311901635936,14.16558931135902,7.449277409723083,"{'n_estimators': 50, 'max_depth': 5}"
1988-03-01,5.855591699404605,14.421543923692301,8.565952224287695,"{'n_estimators': 200, 'max_depth': 5}"
1988-04-01,7.039441457688534,14.94515538637941,7.905713928690876,"{'n_estimators': 50, 'max_depth': 5}"
1988-05-01,7.373615611803431,15.191947926139179,7.8183323143357475,"{'n_estimators': 100, 'max_depth': 5}"
1988-06-01,5.586356384707351,14.57054956333074,8.98419317862339,"{'n_estimators': 200, 'max_depth': 5}"
1988-07-01,7.867304487930636,15.142125977307899,7.2748214893772625,"{'n_estimators': 50, 'max_depth': 5}"
1988-08-01,6.780471708228028,14.545422414527632,7.764950706299604,"{'n_estimators': 50, 'max_depth': 5}"
1988-09-01,7.181364842227805,13.816317729335669,6.634952887107864,"{'n_estimators': 200, 'max_depth': 5}"
1988-10-01,6.279367256718902,13.54781360533008,7.268446348611179,"{'n_estimators': 50, 'max_depth': 5}"
1988-11-01,6.837629499245314,14.98002183797238,8.142392338727067,"{'n_estimators': 200, 'max_depth': 5}"
1988-12-01,6.069673399324364,15.204074375042179,9.134400975717815,"{'n_estimators': 50, 'max_depth': 5}"
1989-01-01,5.866291892042999,15.40282261614802,9.53653072410502,"{'n_estimators': 200, 'max_depth': 5}"
1989-02-01,4.74710870131565,15.05428762996861,10.30717892865296,"{'n_estimators': 100, 'max_depth': 5}"
1989-03-01,4.617850835541853,15.43588922808678,10.818038392544926,"{'n_estimators': 50, 'max_depth': 5}"
1989-04-01,4.510629534025186,15.503405201669501,10.992775667644317,"{'n_estimators': 200, 'max_depth': 5}"
1989-05-01,4.828762888257536,15.09207545662996,10.263312568372424,"{'n_estimators': 100, 'max_depth': 5}"
1989-06-01,4.052982514181527,14.665589177332139,10.612606663150611,"{'n_estimators': 100, 'max_depth': 5}"
1989-07-01,3.239398565591101,14.84937641555732,11.609977849966219,"{'n_estimators': 50, 'max_depth': 5}"
1989-08-01,2.970527155956715,13.875801545657529,10.905274389700814,"{'n_estimators': 100, 'max_depth': 5}"
1989-09-01,2.703950425852842,13.73748080972197,11.033530383869127,"{'n_estimators': 50, 'max_depth': 5}"
1989-10-01,2.4703241873490507,13.59339406589825,11.123069878549199,"{'n_estimators': 50, 'max_depth': 5}"
1989-11-01,3.1776446438842556,14.60558355437451,11.427938910490255,"{'n_estimators': 50, 'max_depth': 5}"
1989-12-01,2.440020079854153,14.63144713868969,12.191427058835536,"{'n_estimators': 50, 'max_depth': 5}"
1990-01-01,3.1628523558075177,14.957948186985739,11.795095831178221,"{'n_estimators': 50, 'max_depth': 5}"
1990-02-01,3.709825537918369,14.949605587691849,11.23978004977348,"{'n_estimators': 100, 'max_depth': 5}"
1990-03-01,4.054027239482037,15.05498211022891,11.000954870746872,"{'n_estimators': 100, 'max_depth': 5}"
1990-04-01,3.9329009966317843,15.206116521608429,11.273215524976646,"{'n_estimators': 50, 'max_depth': 5}"
1990-05-01,2.6677886995678106,14.45448642741518,11.786697727847368,"{'n_estimators': 200, 'max_depth': 5}"
1990-06-01,2.7951691384982897,14.455410232536181,11.660241094037891,"{'n_estimators': 100, 'max_depth': 5}"
1990-07-01,2.9367189745365043,14.55014884430765,11.613429869771146,"{'n_estimators': 100, 'max_depth': 5}"
1990-08-01,4.842269764713801,15.70564545635939,10.86337569164559,"{'n_estimators': 100, 'max_depth': 5}"
1990-09-01,4.867641175456969,16.13032227149107,11.262681096034102,"{'n_estimators': 200, 'max_depth': 5}"
1990-10-01,5.726105039514899,15.83035448252367,10.104249443008772,"{'n_estimators': 100, 'max_depth': 5}"
1990-11-01,6.538640289091006,15.41975191319529,8.881111624104284,"{'n_estimators': 200, 'max_depth': 5}"
1990-12-01,5.887340741058125,14.522336198855989,8.634995457797864,"{'n_estimators': 100, 'max_depth': 5}"
1991-01-01,4.843655143028904,14.649112480055958,9.805457337027054,"{'n_estimators': 200, 'max_depth': 5}"
1991-02-01,3.4503018951255244,13.12398388639966,9.673681991274137,"{'n_estimators': 50, 'max_depth': 5}"
1991-03-01,3.0287474772198277,11.707815588530531,8.679068111310704,"{'n_estimators': 200, 'max_depth': 5}"
1991-04-01,4.430384495358127,11.48066049088081,7.050275995522683,"{'n_estimators': 100, 'max_depth': 5}"
1991-05-01,4.34242714730583,12.227332751167399,7.8849056038615695,"{'n_estimators': 100, 'max_depth': 5}"
1991-06-01,4.2336928861089795,11.9315518156239,7.69785892951492,"{'n_estimators': 200, 'max_depth': 5}"
1991-07-01,4.557216426357627,11.591094263251819,7.033877836894192,"{'n_estimators': 50, 'max_depth': 5}"
1991-08-01,3.6524606863706244,11.0991402751023,7.446679588731676,"{'n_estimators': 100, 'max_depth': 5}"
1991-09-01,3.498801159868363,9.81340932644538,6.314608166577017,"{'n_estimators': 50, 'max_depth': 5}"
1991-10-01,3.527794806222364,10.19140251591708,6.663607709694716,"{'n_estimators': 200, 'max_depth': 5}"
1991-11-01,4.671039959595803,10.78517203724971,6.114132077653907,"{'n_estimators': 50, 'max_depth': 5}"
1991-12-01,3.3450976056674073,10.895246905515311,7.550149299847904,"{'n_estimators': 100, 'max_depth': 5}"
1992-01-01,1.2275988153379354,10.06883892416612,8.841240108828185,"{'n_estimators': 100, 'max_depth': 5}"
1992-02-01,2.208280721997656,9.75652099875556,7.5482402767579035,"{'n_estimators': 200, 'max_depth': 5}"
1992-03-01,4.610105725267413,10.39346842654096,5.783362701273546,"{'n_estimators': 100, 'max_depth': 5}"
1992-04-01,4.575674678515467,9.92473008658469,5.349055408069223,"{'n_estimators': 200, 'max_depth': 5}"
1992-05-01,1.4626103917700948,9.40228370768159,7.939673315911495,"{'n_estimators': 200, 'max_depth': 5}"
1992-06-01,4.621311351667035,8.91511606171029,4.293804710043254,"{'n_estimators': 100, 'max_depth': 5}"
1992-07-01,1.9949236713551992,7.48956599860077,5.494642327245571,"{'n_estimators': 200, 'max_depth': 5}"
1992-08-01,1.1327737127775293,7.50521177233505,6.3724380595575205,"{'n_estimators': 200, 'max_depth': 5}"
1992-09-01,1.1979250738887366,6.954487764106029,5.756562690217293,"{'n_estimators': 200, 'max_depth': 5}"
1992-10-01,4.816810239067925,6.95463672685392,2.137826487785995,"{'n_estimators': 100, 'max_depth': 5}"
1992-11-01,1.5961190434842225,7.36587144992082,5.769752406436598,"{'n_estimators': 200, 'max_depth': 5}"
1992-12-01,1.2761494772281758,6.92570001637469,5.649550539146514,"{'n_estimators': 50, 'max_depth': 5}"
1993-01-01,2.120204123955353,6.89205544225497,4.771851318299617,"{'n_estimators': 200, 'max_depth': 5}"
1993-02-01,1.8060248876271945,5.96008359866011,4.154058711032915,"{'n_estimators': 200, 'max_depth': 5}"
1993-03-01,1.9644435042435824,5.84589498500141,3.8814514807578275,"{'n_estimators': 200, 'max_depth': 5}"
1993-04-01,1.6840037564719552,6.58908204128838,4.905078284816425,"{'n_estimators': 50, 'max_depth': 5}"
1993-05-01,2.0809071150002545,7.09717971550787,5.016272600507616,"{'n_estimators': 50, 'max_depth': 5}"
1993-06-01,2.311106400667989,7.603362047263119,5.29225564659513,"{'n_estimators': 100, 'max_depth': 5}"
1993-07-01,2.0136815440017246,7.64915778473942,5.635476240737695,"{'n_estimators': 50, 'max_depth': 5}"
1993-08-01,2.112618804937065,7.43238863252457,5.319769827587505,"{'n_estimators': 100, 'max_depth': 5}"
1993-09-01,0.44182058230214283,7.60979634683007,7.167975764527927,"{'n_estimators': 50, 'max_depth': 5}"
1993-10-01,0.5204142746957916,7.7493239381001,7.228909663404309,"{'n_estimators': 100, 'max_depth': 5}"
1993-11-01,0.8262817206195204,7.91503760691609,7.088755886296569,"{'n_estimators': 100, 'max_depth': 5}"
1993-12-01,0.45485130767781334,8.15754678080959,7.702695473131776,"{'n_estimators': 100, 'max_depth': 5}"
1994-01-01,0.17525627928206503,8.46988855046779,8.294632271185725,"{'n_estimators': 200, 'max_depth': 5}"
1994-02-01,-0.2802182253782194,8.574091689351459,8.854309914729678,"{'n_estimators': 100, 'max_depth': 5}"
1994-03-01,2.04792051410641,8.525798551833901,6.477878037727491,"{'n_estimators': 100, 'max_depth': 5}"
1994-04-01,2.13523855453561,8.98080685186901,6.845568297333401,"{'n_estimators': 200, 'max_depth': 5}"
1994-05-01,2.06142367932742,8.52781230578767,6.466388626460249,"{'n_estimators': 50, 'max_depth': 5}"
1994-06-01,2.0583849917532877,8.71658207274506,6.658197080991773,"{'n_estimators': 100, 'max_depth': 5}"
1994-07-01,2.266490214710519,8.5737172821608,6.307227067450281,"{'n_estimators': 50, 'max_depth': 5}"
1994-08-01,1.9828456119858826,8.1315070024978,6.148661390511918,"{'n_estimators': 50, 'max_depth': 5}"
1994-09-01,2.005049356554658,8.34676666405329,6.341717307498632,"{'n_estimators': 100, 'max_depth': 5}"
1994-10-01,2.078681795408763,8.35632992767434,6.277648132265577,"{'n_estimators': 200, 'max_depth': 5}"
1994-11-01,1.9360748617343282,8.91193770790323,6.975862846168901,"{'n_estimators': 100, 'max_depth': 5}"
1994-12-01,1.1780043630760753,9.35812392019217,8.180119557116095,"{'n_estimators': 50, 'max_depth': 5}"
1995-01-01,1.936281412278707,8.9664153638161,7.030133951537393,"{'n_estimators': 100, 'max_depth': 5}"
1995-02-01,2.0924400013517244,8.72089988587272,6.628459884520996,"{'n_estimators': 200, 'max_depth': 5}"
1995-03-01,0.4573510087371871,8.37050012168041,7.9131491129432225,"{'n_estimators': 50, 'max_depth': 5}"
1995-04-01,-0.8064142605387076,7.72831598298422,8.534730243522928,"{'n_estimators': 50, 'max_depth': 5}"
1995-05-01,-1.1076773506937916,7.54908214365983,8.656759494353622,"{'n_estimators': 100, 'max_depth': 5}"
1995-06-01,-1.8267673372209041,7.46034625581,9.287113593030904,"{'n_estimators': 200, 'max_depth': 5}"
1995-07-01,-2.0809615027212827,7.22891264589864,9.309874148619922,"{'n_estimators': 100, 'max_depth': 5}"
1995-08-01,-2.1023132443772115,7.18060562370286,9.28291886808007,"{'n_estimators': 100, 'max_depth': 5}"
1995-09-01,-1.1862601937817985,6.71119034729692,7.897450541078719,"{'n_estimators': 50, 'max_depth': 5}"
1995-10-01,-1.2201643548590217,6.34450961532198,7.564673970181002,"{'n_estimators': 100, 'max_depth': 5}"
1995-11-01,-0.4494192390496092,6.58897390429147,7.03839314334108,"{'n_estimators': 100, 'max_depth': 5}"
1995-12-01,-0.024340931111993883,6.496255336682689,6.520596267794684,"{'n_estimators': 200, 'max_depth': 5}"
1996-01-01,-0.042489199674983984,6.615468706570771,6.657957906245755,"{'n_estimators': 100, 'max_depth': 5}"
1996-02-01,-0.08916307117963396,6.0167400392254695,6.105903110405103,"{'n_estimators': 100, 'max_depth': 5}"
1996-03-01,-0.02683345760647528,6.19064776461455,6.217481222221025,"{'n_estimators': 50, 'max_depth': 5}"
1996-04-01,-0.03098827526364686,6.20512836494946,6.236116640213107,"{'n_estimators': 200, 'max_depth': 5}"
1996-05-01,-0.09278622953065126,5.84254181691858,5.935328046449231,"{'n_estimators': 200, 'max_depth': 5}"
1996-06-01,-0.03155551514930848,5.40459480031398,5.436150315463288,"{'n_estimators': 50, 'max_depth': 5}"
1996-07-01,-0.03897998131658042,5.843108413894741,5.882088395211321,"{'n_estimators': 100, 'max_depth': 5}"
1996-08-01,0.03106665996295926,5.76172699588211,5.730660335919151,"{'n_estimators': 50, 'max_depth': 5}"
1996-09-01,-0.08913886500573362,5.89982956848207,5.988968433487804,"{'n_estimators': 100, 'max_depth': 5}"
1996-10-01,-0.136815684171102,5.93963145995295,6.076447144124052,"{'n_estimators': 200, 'max_depth': 5}"
1996-11-01,-0.43118443225929104,5.66370380665641,6.094888238915701,"{'n_estimators': 50, 'max_depth': 5}"
1996-12-01,-0.5637030336254244,5.74681654788964,6.310519581515065,"{'n_estimators': 200, 'max_depth': 5}"
1997-01-01,-0.550508908422185,5.48229600836782,6.032804916790005,"{'n_estimators': 50, 'max_depth': 5}"
1997-02-01,-0.5956412659445918,5.17636525158251,5.772006517527101,"{'n_estimators': 100, 'max_depth': 5}"
1997-03-01,-0.6346398018200834,4.91009543678802,5.544735238608103,"{'n_estimators': 200, 'max_depth': 5}"
1997-04-01,-0.4513671541306487,5.65107359687875,6.102440751009399,"{'n_estimators': 100, 'max_depth': 5}"
1997-05-01,-0.689791621055793,5.0030348621763,5.692826483232093,"{'n_estimators': 50, 'max_depth': 5}"
1997-06-01,-0.8339796320561105,4.48739432460616,5.321373956662271,"{'n_estimators': 50, 'max_depth': 5}"
1997-07-01,-0.7839228781600021,3.9815058756798605,4.7654287538398625,"{'n_estimators': 200, 'max_depth': 5}"
1997-08-01,-0.8024299953336614,3.53868380152653,4.341113796860191,"{'n_estimators': 100, 'max_depth': 5}"
1997-09-01,-0.7907212530775667,3.72705654917298,4.517777802250547,"{'n_estimators': 100, 'max_depth': 5}"
1997-10-01,-0.7966866296996445,3.8672622302991804,4.663948859998825,"{'n_estimators': 50, 'max_depth': 5}"
1997-11-01,-0.7966866296996445,3.40917091847767,4.205857548177314,"{'n_estimators': 50, 'max_depth': 5}"
1997-12-01,-0.7747960303012981,3.2618370675246,4.036633097825898,"{'n_estimators': 200, 'max_depth': 5}"
1998-01-01,-0.7898871120031437,2.4993227029100398,3.2892098149131836,"{'n_estimators': 100, 'max_depth': 5}"
1998-02-01,-0.795940560366717,1.6942273310250802,2.4901678913917973,"{'n_estimators': 50, 'max_depth': 5}"
1998-03-01,-0.795940560366717,0.83194071987042,1.627881280237137,"{'n_estimators': 50, 'max_depth': 5}"
1998-04-01,-0.7724693558639918,0.8710108398669301,1.643480195730922,"{'n_estimators': 200, 'max_depth': 5}"
1998-05-01,-0.7743410969887182,1.0828973340422499,1.857238431030968,"{'n_estimators': 200, 'max_depth': 5}"
1998-06-01,-0.7945128251925042,0.5449997015311401,1.3395125267236443,"{'n_estimators': 50, 'max_depth': 5}"
1998-07-01,-0.7817977706738517,-0.55921781873471,0.2225799519391417,"{'n_estimators': 200, 'max_depth': 5}"
1998-08-01,-0.8040199749043083,0.42377678677378,1.2277967616780883,"{'n_estimators': 100, 'max_depth': 5}"
1998-09-01,-0.802889978645715,0.4553248915591,1.258214870204815,"{'n_estimators': 100, 'max_depth': 5}"
1998-10-01,-0.7946857044590029,-1.7876654765095201,0.9929797720505172,"{'n_estimators': 100, 'max_depth': 5}"
1998-11-01,-0.8021303890201144,-3.4893972974395497,2.6872669084194354,"{'n_estimators': 100, 'max_depth': 5}"
1998-12-01,-0.7835296838545112,-3.81667681586419,3.0331471320096792,"{'n_estimators': 200, 'max_depth': 5}"
1999-01-01,-0.7946991784436558,-4.41315106295773,3.618451884514074,"{'n_estimators': 50, 'max_depth': 5}"
1999-02-01,-0.7858089733720148,-5.1036317712709,4.317822797898884,"{'n_estimators': 200, 'max_depth': 5}"
1999-03-01,-0.8080510831847412,-5.92388358346658,5.115832500281838,"{'n_estimators': 200, 'max_depth': 5}"
1999-04-01,-0.8016582427156027,-5.17514022966861,4.373481986953007,"{'n_estimators': 200, 'max_depth': 5}"
1999-05-01,-0.8187506991015593,-4.5803686968187,3.7616179977171402,"{'n_estimators': 100, 'max_depth': 5}"
1999-06-01,-0.8075436449105535,-4.33369527184962,3.5261516269390665,"{'n_estimators': 200, 'max_depth': 5}"
1999-07-01,-0.8359735962463738,-4.59163368629911,3.755660090052736,"{'n_estimators': 50, 'max_depth': 5}"
1999-08-01,-0.7984617592358432,-3.47209201276808,2.6736302535322367,"{'n_estimators': 100, 'max_depth': 5}"
1999-09-01,-0.8212811508032918,-3.02749587804969,2.2062147272463983,"{'n_estimators': 100, 'max_depth': 5}"
1999-10-01,-0.8073580545627788,-2.66476233547841,1.8574042809156313,"{'n_estimators': 100, 'max_depth': 5}"
1999-11-01,-0.785856645768121,-3.13156393685365,2.345707291085529,"{'n_estimators': 200, 'max_depth': 5}"
1999-12-01,-0.792560506695154,-3.16992645492846,2.3773659482333063,"{'n_estimators': 100, 'max_depth': 5}"
2000-01-01,-0.8252092987019719,-3.03223938877084,2.2070300900688684,"{'n_estimators': 50, 'max_depth': 5}"
2000-02-01,-0.7862048944501044,-3.01940942691859,2.2332045324684855,"{'n_estimators': 100, 'max_depth': 5}"
2000-03-01,-0.7704083839453375,-2.79436462995652,2.0239562460111826,"{'n_estimators': 200, 'max_depth': 5}"
2000-04-01,-0.7758815545682097,-2.55326189447415,1.7773803399059402,"{'n_estimators': 200, 'max_depth': 5}"
2000-05-01,-0.7620541006743451,-2.85905450788018,2.097000407205835,"{'n_estimators': 200, 'max_depth': 5}"
2000-06-01,-0.7577793227415651,-3.44988684323145,2.6921075204898846,"{'n_estimators': 100, 'max_depth': 5}"
2000-07-01,-0.7565290254991116,-3.5265021397115395,2.7699731142124278,"{'n_estimators': 100, 'max_depth': 5}"
2000-08-01,-0.7696617177199835,-3.5469471616875996,2.777285443967616,"{'n_estimators': 100, 'max_depth': 5}"
2000-09-01,-0.7524708972141693,-3.07667117128989,2.3242002740757206,"{'n_estimators': 200, 'max_depth': 5}"
2000-10-01,-0.8101041041087558,-2.11431941942695,1.3042153153181943,"{'n_estimators': 50, 'max_depth': 5}"
2000-11-01,-0.7784703456304972,-1.7954377618990098,1.0169674162685127,"{'n_estimators': 100, 'max_depth': 5}"
2000-12-01,-0.7479379034959035,-1.12589100071361,0.37795309721770654,"{'n_estimators': 200, 'max_depth': 5}"
2001-01-01,-0.8223866923695502,-0.81823413419265,0.00415255817690019,"{'n_estimators': 50, 'max_depth': 5}"
2001-02-01,-0.7787158820040295,-0.30405623200556003,0.4746596499984695,"{'n_estimators': 100, 'max_depth': 5}"
2001-03-01,-0.7628036524708586,0.46247634573559004,1.2252799982064486,"{'n_estimators': 200, 'max_depth': 5}"
2001-04-01,-0.788124320415746,0.6139016245044701,1.402025944920216,"{'n_estimators': 50, 'max_depth': 5}"
2001-05-01,-0.7565332931225778,0.01086934960339,0.7674026427259678,"{'n_estimators': 100, 'max_depth': 5}"
2001-06-01,-0.7759791939580613,-0.09261741201780001,0.6833617819402612,"{'n_estimators': 100, 'max_depth': 5}"
2001-07-01,-0.7400937890005244,0.44659785179834,1.1866916407988644,"{'n_estimators': 100, 'max_depth': 5}"
2001-08-01,-0.7565138681545585,-0.47214672146069997,0.2843671466938585,"{'n_estimators': 50, 'max_depth': 5}"
2001-09-01,-0.42426029974081664,0.67289873996547,1.0971590397062867,"{'n_estimators': 200, 'max_depth': 5}"
2001-10-01,-0.5594550566046531,0.643920712841,1.2033757694456533,"{'n_estimators': 50, 'max_depth': 5}"
2001-11-01,-0.6840912799471913,0.31638813101837,1.0004794109655613,"{'n_estimators': 50, 'max_depth': 5}"
2001-12-01,-0.7523991210905596,0.31054556620513,1.0629446872956896,"{'n_estimators': 100, 'max_depth': 5}"
2002-01-01,-0.7337434303611681,0.78905068108023,1.522794111441398,"{'n_estimators': 100, 'max_depth': 5}"
2002-02-01,-0.5750882937410965,1.54228890340064,2.1173771971417366,"{'n_estimators': 50, 'max_depth': 5}"
2002-03-01,-0.7694863089729107,1.32139940358819,2.090885712561101,"{'n_estimators': 100, 'max_depth': 5}"
2002-04-01,-0.5605726557093866,1.70681775400576,2.267390409715147,"{'n_estimators': 100, 'max_depth': 5}"
2002-05-01,-0.5537480349173137,1.69052596254353,2.244273997460844,"{'n_estimators': 200, 'max_depth': 5}"
2002-06-01,-0.13737816977134704,2.21537037840957,2.352748548180917,"{'n_estimators': 100, 'max_depth': 5}"
2002-07-01,-2.0669018347293036,3.7123546768372297,5.779256511566533,"{'n_estimators': 50, 'max_depth': 5}"
2002-08-01,-0.8405400002311931,3.91791761921036,4.758457619441553,"{'n_estimators': 100, 'max_depth': 5}"
2002-09-01,-1.0798526049706365,4.70807672275339,5.787929327724026,"{'n_estimators': 50, 'max_depth': 5}"
2002-10-01,-0.755251966936435,4.851198970971541,5.606450937907976,"{'n_estimators': 50, 'max_depth': 5}"
2002-11-01,-2.034136252483977,3.93084778592571,5.964984038409687,"{'n_estimators': 50, 'max_depth': 5}"
2002-12-01,-1.750668838952306,4.2685327215542,6.019201560506506,"{'n_estimators': 200, 'max_depth': 5}"
2003-01-01,-1.813214631518744,4.74403953858399,6.557254170102734,"{'n_estimators': 200, 'max_depth': 5}"
2003-02-01,0.5223354568913411,5.67926132155189,5.15692586466055,"{'n_estimators': 100, 'max_depth': 5}"
2003-03-01,-0.16284707755280706,5.86177246128232,6.024619538835127,"{'n_estimators': 100, 'max_depth': 5}"
2003-04-01,-1.035644161366135,5.45828504479284,6.493929206158975,"{'n_estimators': 200, 'max_depth': 5}"
2003-05-01,-0.7525179810185283,5.3484219096966195,6.100939890715148,"{'n_estimators': 100, 'max_depth': 5}"
2003-06-01,-0.03421070647992416,4.634469993842201,4.668680700322125,"{'n_estimators': 100, 'max_depth': 5}"
2003-07-01,0.0658351628651125,4.91512320244629,4.849288039581178,"{'n_estimators': 50, 'max_depth': 5}"
2003-08-01,-0.040593195076566495,4.986392073794979,5.026985268871546,"{'n_estimators': 50, 'max_depth': 5}"
2003-09-01,0.011401016996843589,4.80619610559223,4.794795088595387,"{'n_estimators': 200, 'max_depth': 5}"
2003-10-01,-0.10754507392692304,4.83098827621542,4.938533350142343,"{'n_estimators': 100, 'max_depth': 5}"
2003-11-01,-0.10128943892163388,5.0951445981842705,5.196434037105904,"{'n_estimators': 50, 'max_depth': 5}"
2003-12-01,-0.17229231980229195,4.92622033538778,5.0985126551900715,"{'n_estimators': 100, 'max_depth': 5}"
2004-01-01,-0.43630449022645784,4.53476479357468,4.971069283801137,"{'n_estimators': 200, 'max_depth': 5}"
2004-02-01,-0.4226320864204252,4.42598385157042,4.848615937990846,"{'n_estimators': 200, 'max_depth': 5}"
2004-03-01,-0.052633893287905104,4.87222802562943,4.924861918917335,"{'n_estimators': 50, 'max_depth': 5}"
2004-04-01,-0.11924624547186424,4.79138775180507,4.910633997276935,"{'n_estimators': 200, 'max_depth': 5}"
2004-05-01,-0.0432623510894366,5.24854930284026,5.291811653929697,"{'n_estimators': 200, 'max_depth': 5}"
2004-06-01,-0.10936782710615833,5.29693897626046,5.406306803366618,"{'n_estimators': 100, 'max_depth': 5}"
2004-07-01,-0.05455740694154652,5.67984861036627,5.734406017307816,"{'n_estimators': 200, 'max_depth': 5}"
2004-08-01,0.15461579286652188,5.8056338623077,5.651018069441179,"{'n_estimators': 50, 'max_depth': 5}"
2004-09-01,-0.04339390587326042,5.71611617416787,5.75951008004113,"{'n_estimators': 200, 'max_depth': 5}"
2004-10-01,0.16414794194222723,5.50411882830355,5.339970886361323,"{'n_estimators': 50, 'max_depth': 5}"
2004-11-01,-0.07905576821581815,5.66035617007723,5.739411938293048,"{'n_estimators': 200, 'max_depth': 5}"
2004-12-01,-0.08985886703101503,5.46433381714257,5.554192684173586,"{'n_estimators': 200, 'max_depth': 5}"
2005-01-01,-0.06898826364798114,5.56181163034623,5.630799893994211,"{'n_estimators': 200, 'max_depth': 5}"
2005-02-01,-0.009587460265786428,5.69519220246994,5.704779662735726,"{'n_estimators': 50, 'max_depth': 5}"
2005-03-01,-0.08227607532282193,5.74772206871643,5.829998144039252,"{'n_estimators': 100, 'max_depth': 5}"
2005-04-01,0.09435253889814556,6.14817757626526,6.0538250373671145,"{'n_estimators': 200, 'max_depth': 5}"
2005-05-01,-0.10703855795260972,6.04584004668793,6.15287860464054,"{'n_estimators': 100, 'max_depth': 5}"
2005-06-01,-0.017766764189408465,5.73956195207783,5.757328716267239,"{'n_estimators': 50, 'max_depth': 5}"
2005-07-01,-0.14319268857339695,5.58988164398452,5.733074332557917,"{'n_estimators': 50, 'max_depth': 5}"
2005-08-01,-0.32640990777170636,5.36713310733487,5.6935430151065765,"{'n_estimators': 100, 'max_depth': 5}"
2005-09-01,-0.312314585858081,4.996802399340701,5.309116985198782,"{'n_estimators': 100, 'max_depth': 5}"
2005-10-01,-0.13150302008987522,5.74823595004223,5.879738970132105,"{'n_estimators': 100, 'max_depth': 5}"
2005-11-01,0.0033999093723371355,5.58018090351664,5.576780994144302,"{'n_estimators': 50, 'max_depth': 5}"
2005-12-01,0.1254661764467011,5.23292868934852,5.107462512901819,"{'n_estimators': 100, 'max_depth': 5}"
2006-01-01,0.16344494609843216,4.44690157548457,4.283456629386138,"{'n_estimators': 50, 'max_depth': 5}"
2006-02-01,0.3511209133349372,4.40345535412995,4.052334440795013,"{'n_estimators': 50, 'max_depth': 5}"
2006-03-01,1.9332101943441264,4.90738770319783,2.9741775088537032,"{'n_estimators': 100, 'max_depth': 5}"
2006-04-01,2.467568080416395,5.15635443303439,2.688786352617995,"{'n_estimators': 50, 'max_depth': 5}"
2006-05-01,3.474134476862537,5.21689604023682,1.7427615633742835,"{'n_estimators': 200, 'max_depth': 5}"
2006-06-01,4.113425787119141,5.60403298919809,1.490607202078949,"{'n_estimators': 50, 'max_depth': 5}"
2006-07-01,4.043204125358881,5.91955006262614,1.876345937267259,"{'n_estimators': 200, 'max_depth': 5}"
2006-08-01,4.483078824213657,5.81686874075553,1.333789916541873,"{'n_estimators': 100, 'max_depth': 5}"
2006-09-01,4.567376868388661,5.4290515744344,0.861674706045739,"{'n_estimators': 200, 'max_depth': 5}"
2006-10-01,1.452911174990482,4.931731244385349,3.4788200693948674,"{'n_estimators': 50, 'max_depth': 5}"
2006-11-01,0.5742629122883118,4.84974079173683,4.275477879448518,"{'n_estimators': 50, 'max_depth': 5}"
2006-12-01,1.3001947101374514,5.04493547699509,3.744740766857639,"{'n_estimators': 50, 'max_depth': 5}"
2007-01-01,1.6422015535146293,5.093299693814,3.451098140299371,"{'n_estimators': 50, 'max_depth': 5}"
2007-02-01,2.015371433741229,5.21733038014484,3.2019589464036105,"{'n_estimators': 100, 'max_depth': 5}"
2007-03-01,4.216297240186647,5.75149553665643,1.5351982964697823,"{'n_estimators': 100, 'max_depth': 5}"
2007-04-01,2.3001564684906124,5.34004999617183,3.0398935276812176,"{'n_estimators': 200, 'max_depth': 5}"
2007-05-01,2.6145571121725584,5.22068436002409,2.6061272478515316,"{'n_estimators': 200, 'max_depth': 5}"
2007-06-01,2.663931709834946,5.38065470688235,2.7167229970474036,"{'n_estimators': 200, 'max_depth': 5}"
2007-07-01,2.627573691362242,5.42842748564365,2.800853794281408,"{'n_estimators': 200, 'max_depth': 5}"
2007-08-01,4.29845701998109,5.85695348184871,1.5584964618676205,"{'n_estimators': 200, 'max_depth': 5}"
2007-09-01,3.926771801659411,5.6832789146238705,1.7565071129644596,"{'n_estimators': 100, 'max_depth': 5}"
2007-10-01,2.2210241783443503,5.68610103679492,3.4650768584505696,"{'n_estimators': 200, 'max_depth': 5}"
2007-11-01,4.7460993599825025,6.43827863847303,1.6921792784905278,"{'n_estimators': 100, 'max_depth': 5}"
2007-12-01,4.293302738078073,6.609052562655799,2.3157498245777264,"{'n_estimators': 200, 'max_depth': 5}"
2008-01-01,2.1407602149011358,7.84918940401908,5.708429189117945,"{'n_estimators': 200, 'max_depth': 5}"
2008-02-01,-0.38300327805245443,7.685881821312369,8.068885099364824,"{'n_estimators': 100, 'max_depth': 5}"
2008-03-01,-0.4378197155162601,8.04868574665016,8.48650546216642,"{'n_estimators': 50, 'max_depth': 5}"
2008-04-01,-0.5632089666027212,7.44250375074966,8.005712717352381,"{'n_estimators': 100, 'max_depth': 5}"
2008-05-01,-0.32416224216072237,7.4248898963235,7.749052138484222,"{'n_estimators': 100, 'max_depth': 5}"
2008-06-01,-0.5347853648393583,8.20913522187174,8.743920586711099,"{'n_estimators': 100, 'max_depth': 5}"
2008-07-01,2.8934235453271206,9.117276894396339,6.223853349069218,"{'n_estimators': 50, 'max_depth': 5}"
2008-08-01,2.3357343307741476,9.10398682969186,6.768252498917711,"{'n_estimators': 100, 'max_depth': 5}"
2008-09-01,4.895227594057947,9.80242779243354,4.907200198375594,"{'n_estimators': 200, 'max_depth': 5}"
2008-10-01,5.287449535498016,11.73446206857302,6.447012533075004,"{'n_estimators': 100, 'max_depth': 5}"
2008-11-01,7.912972492296529,12.32877349303918,4.4158010007426505,"{'n_estimators': 50, 'max_depth': 5}"
2008-12-01,8.475096757358749,11.64697970260033,3.171882945241581,"{'n_estimators': 100, 'max_depth': 5}"
2009-01-01,8.8061682102475,11.9903801413137,3.1842119310661996,"{'n_estimators': 200, 'max_depth': 5}"
2009-02-01,8.536240477522556,13.41972856157924,4.883488084056683,"{'n_estimators': 50, 'max_depth': 5}"
2009-03-01,8.41239047552002,14.27020431462029,5.85781383910027,"{'n_estimators': 50, 'max_depth': 5}"
2009-04-01,7.504681520638181,13.33289585355743,5.828214332919249,"{'n_estimators': 200, 'max_depth': 5}"
2009-05-01,7.224864496426663,12.44007754089771,5.215213044471047,"{'n_estimators': 50, 'max_depth': 5}"
2009-06-01,4.941685174898314,12.37353171075956,7.431846535861245,"{'n_estimators': 50, 'max_depth': 5}"
2009-07-01,6.851897291793637,12.61728579402776,5.7653885022341225,"{'n_estimators': 50, 'max_depth': 5}"
2009-08-01,6.053229391588417,11.41228756118684,5.359058169598423,"{'n_estimators': 200, 'max_depth': 5}"
2009-09-01,5.155076543449683,11.35025457162959,6.195178028179907,"{'n_estimators': 200, 'max_depth': 5}"
2009-10-01,5.210772227992542,11.07309735915176,5.862325131159218,"{'n_estimators': 100, 'max_depth': 5}"
2009-11-01,4.710251795109671,11.33939360586264,6.6291418107529685,"{'n_estimators': 200, 'max_depth': 5}"
2009-12-01,4.910231830562455,11.35690119985968,6.446669369297225,"{'n_estimators': 200, 'max_depth': 5}"
2010-01-01,4.87957623732336,11.56869295242009,6.68911671509673,"{'n_estimators': 100, 'max_depth': 5}"
2010-02-01,4.5745799125907345,11.88342224740137,7.3088423348106355,"{'n_estimators': 100, 'max_depth': 5}"
2010-03-01,3.148565318765202,8.99958318527729,5.8510178665120876,"{'n_estimators': 50, 'max_depth': 5}"
2010-04-01,-0.3623812638936876,9.1157985758824,9.478179839776088,"{'n_estimators': 200, 'max_depth': 5}"
2010-05-01,4.817739187849822,10.41743678165152,5.599697593801698,"{'n_estimators': 200, 'max_depth': 5}"
2010-06-01,4.609223336797047,11.44570537786624,6.836482041069193,"{'n_estimators': 200, 'max_depth': 5}"
2010-07-01,5.003672414992571,11.79078523833712,6.7871128233445495,"{'n_estimators': 200, 'max_depth': 5}"
2010-08-01,4.693271465802963,12.31610721901454,7.622835753211578,"{'n_estimators': 100, 'max_depth': 5}"
2010-09-01,4.722336731990821,11.864716983627451,7.14238025163663,"{'n_estimators': 50, 'max_depth': 5}"
2010-10-01,1.6975958670667053,11.56499808974365,9.867402222676944,"{'n_estimators': 200, 'max_depth': 5}"
2010-11-01,-0.24681050619562506,11.73463406182546,11.981444568021086,"{'n_estimators': 50, 'max_depth': 5}"
2010-12-01,-0.600598053950275,11.801886562262789,12.402484616213064,"{'n_estimators': 200, 'max_depth': 5}"
2011-01-01,-0.8698963664462847,11.73505650585402,12.604952872300306,"{'n_estimators': 200, 'max_depth': 5}"
2011-02-01,-0.18507911425324608,11.6571821620756,11.842261276328847,"{'n_estimators': 50, 'max_depth': 5}"
2011-03-01,-0.9000102120210173,11.90302059269932,12.803030804720338,"{'n_estimators': 100, 'max_depth': 5}"
2011-04-01,-0.9156075014733475,12.29223287703975,13.207840378513097,"{'n_estimators': 100, 'max_depth': 5}"
2011-05-01,-0.9146293053538291,12.26633622404484,13.18096552939867,"{'n_estimators': 100, 'max_depth': 5}"
2011-06-01,-0.3806444474407328,12.77175373475465,13.152398182195384,"{'n_estimators': 100, 'max_depth': 5}"
2011-07-01,-0.6619209642232439,12.7238653575799,13.385786321803144,"{'n_estimators': 200, 'max_depth': 5}"
2011-08-01,4.894392756455898,14.223025185387051,9.328632428931154,"{'n_estimators': 200, 'max_depth': 5}"
2011-09-01,4.720289470325687,14.29011968624729,9.569830215921604,"{'n_estimators': 50, 'max_depth': 5}"
2011-10-01,4.703537815079111,13.88407291884095,9.180535103761839,"{'n_estimators': 50, 'max_depth': 5}"
2011-11-01,4.647385887985899,14.14713541041896,9.49974952243306,"{'n_estimators': 50, 'max_depth': 5}"
2011-12-01,4.850458199621016,13.938028915548358,9.087570715927342,"{'n_estimators': 100, 'max_depth': 5}"
2012-01-01,2.2519091395879065,13.126854152476032,10.874945012888125,"{'n_estimators': 100, 'max_depth': 5}"
2012-02-01,-0.3158322425401005,12.28217666892272,12.59800891146282,"{'n_estimators': 50, 'max_depth': 5}"
2012-03-01,-0.3858304667070314,11.79926085057958,12.185091317286611,"{'n_estimators': 100, 'max_depth': 5}"
2012-04-01,-0.3461237724556447,11.78816548693031,12.134289259385955,"{'n_estimators': 200, 'max_depth': 5}"
2012-05-01,3.3725812314110306,11.08894374056459,7.716362509153559,"{'n_estimators': 50, 'max_depth': 5}"
2012-06-01,4.819437633391918,10.669827465301559,5.850389831909641,"{'n_estimators': 200, 'max_depth': 5}"
2012-07-01,3.2272502814682964,10.38592624549996,7.158675964031663,"{'n_estimators': 50, 'max_depth': 5}"
2012-08-01,1.462728091877721,10.77353723690244,9.310809145024718,"{'n_estimators': 100, 'max_depth': 5}"
2012-09-01,-0.3251513058223985,9.63805834479345,9.963209650615848,"{'n_estimators': 50, 'max_depth': 5}"
2012-10-01,0.09308080076949238,9.26938274568123,9.176301944911739,"{'n_estimators': 200, 'max_depth': 5}"
2012-11-01,3.2180882136504247,10.10879063691003,6.890702423259604,"{'n_estimators': 200, 'max_depth': 5}"
2012-12-01,1.655197474092283,9.87718287052188,8.221985396429597,"{'n_estimators': 200, 'max_depth': 5}"
2013-01-01,-0.041450823557623355,9.51355801015421,9.555008833711833,"{'n_estimators': 50, 'max_depth': 5}"
2013-02-01,0.07054180249217501,9.62866850892665,9.558126706434475,"{'n_estimators': 50, 'max_depth': 5}"
2013-03-01,-0.12400272972914562,9.04093591659696,9.164938646326105,"{'n_estimators': 200, 'max_depth': 5}"
2013-04-01,-0.26721135185257405,9.24446022394058,9.511671575793153,"{'n_estimators': 50, 'max_depth': 5}"
2013-05-01,0.7469070343186358,8.8287021832289,8.081795148910265,"{'n_estimators': 100, 'max_depth': 5}"
2013-06-01,-0.1226471786244986,9.46871062073071,9.591357799355208,"{'n_estimators': 50, 'max_depth': 5}"
2013-07-01,1.3534540977050398,9.517707137200079,8.164253039495039,"{'n_estimators': 50, 'max_depth': 5}"
2013-08-01,0.5970113538395136,9.34569135632263,8.748680002483116,"{'n_estimators': 200, 'max_depth': 5}"
2013-09-01,1.272950415380078,9.09699270782677,7.824042292446692,"{'n_estimators': 50, 'max_depth': 5}"
2013-10-01,1.2120446409531416,8.50949373395795,7.297449093004808,"{'n_estimators': 50, 'max_depth': 5}"
2013-11-01,3.9125440406572993,8.58640968739476,4.67386564673746,"{'n_estimators': 100, 'max_depth': 5}"
2013-12-01,4.111416962348644,8.980865249517821,4.8694482871691775,"{'n_estimators': 200, 'max_depth': 5}"
2014-01-01,4.160157835900147,9.16995500597082,5.009797170070673,"{'n_estimators': 50, 'max_depth': 5}"
2014-02-01,3.7584171020491426,9.60685840088559,5.848441298836448,"{'n_estimators': 50, 'max_depth': 5}"
2014-03-01,4.140289990644595,9.66601507548554,5.5257250848409445,"{'n_estimators': 100, 'max_depth': 5}"
2014-04-01,4.118957815005706,9.52613746398405,5.407179648978344,"{'n_estimators': 50, 'max_depth': 5}"
2014-05-01,4.187053444499021,9.65180286425031,5.464749419751289,"{'n_estimators': 100, 'max_depth': 5}"
2014-06-01,4.138269610129238,9.70597897578096,5.567709365651722,"{'n_estimators': 50, 'max_depth': 5}"
2014-07-01,4.238799089621158,9.78401428107262,5.5452151914514625,"{'n_estimators': 200, 'max_depth': 5}"
2014-08-01,4.311215489911511,9.69656427765064,5.3853487877391295,"{'n_estimators': 100, 'max_depth': 5}"
2014-09-01,4.2404643906760215,9.78846295592641,5.547998565250388,"{'n_estimators': 50, 'max_depth': 5}"
2014-10-01,4.415827076984494,10.38493219980498,5.969105122820487,"{'n_estimators': 100, 'max_depth': 5}"
2014-11-01,4.357538899470257,9.989892401571481,5.632353502101224,"{'n_estimators': 100, 'max_depth': 5}"
2014-12-01,4.327760890085943,10.01442187939432,5.686660989308376,"{'n_estimators': 50, 'max_depth': 5}"
2015-01-01,4.33401282401689,10.02556693168184,5.691554107664951,"{'n_estimators': 50, 'max_depth': 5}"
2015-02-01,3.9778164817911583,9.8722811978708,5.894464716079641,"{'n_estimators': 100, 'max_depth': 5}"
