Date,Actual,Predicted,RMSE
1960-01-01,5.1609699366200505,8.811918261143703,3.650948324523652
1960-02-01,5.18574610393267,8.65368214840778,3.4679360444751097
1960-03-01,5.45390317248741,8.120644043801281,2.6667408713138716
1960-04-01,4.94884347322754,8.31230163980888,3.3634581665813394
1960-05-01,3.74777730182829,8.407182975231176,4.659405673402887
1960-06-01,3.29648614534536,7.5123403826414465,4.215854237296087
1960-07-01,3.5268890757965203,7.019958172466294,3.4930690966697733
1960-08-01,3.70556454559889,6.989208096860343,3.2836435512614535
1960-09-01,4.57793660541414,7.407782392408414,2.829845786994274
1960-10-01,5.02964133508956,7.695529223274251,2.665887888184691
1960-11-01,4.63327085172033,7.51352723148814,2.8802563797678093
1960-12-01,5.02673350774369,6.855153368368001,1.8284198606243107
1961-01-01,4.89482021718561,6.456624224403563,1.5618040072179529
1961-02-01,4.8460260605128,5.948673851315906,1.1026477908031058
1961-03-01,4.7623029721759895,5.7770304929119645,1.014727520735975
1961-04-01,4.81268619524073,5.75592671731108,0.9432405220703508
1961-05-01,4.51258875796443,5.489280221578018,0.9766914636135882
1961-06-01,4.38050706320893,6.137711264061133,1.757204200852203
1961-07-01,4.37901171458126,6.311974593455461,1.9329628788742008
1961-08-01,3.7674533436010202,6.199450716130202,2.4319973725291817
1961-09-01,4.11377900502478,6.115636615544803,2.001857610520023
1961-10-01,3.753836997554,5.705266566885324,1.9514295693313244
1961-11-01,2.8104043479765,5.587444524620926,2.7770401766444257
1961-12-01,3.3538175321390797,5.97437128345178,2.6205537513127
1962-01-01,4.17105826024299,6.387381011683541,2.2163227514405506
1962-02-01,4.17319828251385,6.184719223634874,2.0115209411210238
1962-03-01,4.38205075226736,5.819711334913461,1.4376605826461013
1962-04-01,4.83498633188741,5.903577184506356,1.0685908526189465
1962-05-01,5.51185985515312,6.693378678215082,1.1815188230619622
1962-06-01,6.827486498493821,7.995631268785571,1.1681447702917502
1962-07-01,6.47182822451888,8.044762632952857,1.5729344084339765
1962-08-01,6.52470935552145,7.776381249224543,1.2516718937030928
1962-09-01,6.46807842201797,7.979330859219784,1.5112524372018141
1962-10-01,6.7708602152785495,8.263125506939568,1.4922652916610186
1962-11-01,6.5501446156986205,7.672170355342254,1.1220257396436333
1962-12-01,6.28718597966837,7.213137927785841,0.9259519481174712
1963-01-01,5.93553936842161,6.835955468269841,0.9004160998482309
1963-02-01,5.33693062376707,7.109434316207679,1.7725036924406092
1963-03-01,5.14264223292693,7.37626932289813,2.2336270899712005
1963-04-01,4.3887278797796805,7.128066286669918,2.739338406890237
1963-05-01,3.81264124453937,6.916927426152463,3.104286181613093
1963-06-01,3.5450858712644298,7.187783627579124,3.6426977563146945
1963-07-01,3.80775797658754,7.434908306317722,3.6271503297301826
1963-08-01,3.14304775292979,7.099991795799595,3.956944042869805
1963-09-01,3.0299155865835403,7.083185386120679,4.053269799537139
1963-10-01,3.34915360195571,7.396530736809506,4.047377134853797
1963-11-01,2.58233365244942,7.398066662090135,4.815733009640715
1963-12-01,1.58805221746098,7.3187968828790835,5.730744665418103
1964-01-01,1.33926730124198,7.204333646962258,5.865066345720278
1964-02-01,0.8083923909201599,7.169886863050999,6.361494472130839
1964-03-01,0.9253954388512999,7.320593523424167,6.395198084572867
1964-04-01,0.21808639941738,7.286903172579299,7.068816773161919
1964-05-01,-0.30149969916433,7.121310694032331,7.422810393196661
1964-06-01,-0.27048679423669,7.131204402506519,7.401691196743209
1964-07-01,-1.89450392500539,6.996642719097724,8.891146644103115
1964-08-01,-2.29906801013305,7.145512790344472,9.444580800477521
1964-09-01,-3.5963149282603304,7.19317344923364,10.78948837749397
1964-10-01,-3.6528642143336696,6.951203417164467,10.604067631498136
1964-11-01,-3.43272727812612,6.957268949799036,10.389996227925156
1964-12-01,-3.96805567614091,7.1821856876375385,11.150241363778449
1965-01-01,-3.4755937557960803,7.203628047061781,10.679221802857862
1965-02-01,-2.64890220948198,7.257486354302539,9.90638856378452
1965-03-01,-2.21380649323538,7.311766763864406,9.525573257099786
1965-04-01,-2.22651252965739,7.1046089477783685,9.331121477435758
1965-05-01,-1.81372001150913,6.969093386837032,8.782813398346162
1965-06-01,-1.08932144798304,7.364914970595415,8.454236418578455
1965-07-01,-1.16709277278281,7.273556474331917,8.440649247114727
1965-08-01,-2.1050276867498,7.479641783260264,9.584669470010063
1965-09-01,-2.58761315240095,7.233302067918547,9.820915220319497
1965-10-01,-2.37788032011569,7.361537836409996,9.739418156525685
1965-11-01,-2.3561836699148597,7.537302795483914,9.893486465398773
1965-12-01,-2.45608214208239,8.130236105363588,10.586318247445979
1966-01-01,-1.77341607901369,7.7928312821932755,9.566247361206965
1966-02-01,-1.3016897705553299,8.685269616350901,9.98695938690623
1966-03-01,-0.81990886933697,8.487467402680705,9.307376272017676
1966-04-01,-1.00947336423591,7.664198559446994,8.673671923682905
1966-05-01,-0.60843084754333,7.9636587728461725,8.572089620389502
1966-06-01,-0.48535843755380004,7.9329901413432165,8.418348578897017
1966-07-01,-0.24684475548130003,8.562448120067181,8.809292875548481
1966-08-01,0.30032157325892,9.436433692137506,9.136112118878586
1966-09-01,0.83725961215932,8.652149441354313,7.814889829194993
1966-10-01,0.58597346247946,8.141914611169907,7.555941148690447
1966-11-01,0.012934079183079998,8.10625167545218,8.0933175962691
1966-12-01,0.27983091447607,6.663704236866722,6.383873322390652
1967-01-01,-0.23003099633072,6.003175268515159,6.2332062648458795
1967-02-01,-0.9335880523184299,6.243145529553358,7.176733581871788
1967-03-01,-1.23251214475457,5.758157714944083,6.990669859698653
1967-04-01,-1.59759493259649,5.857538483277591,7.455133415874081
1967-05-01,-1.81037099513581,6.398159985444223,8.208530980580033
1967-06-01,-1.6593517526992798,6.492518204116113,8.151869956815393
1967-07-01,-1.74668251695804,6.582378891406601,8.329061408364641
1967-08-01,-2.13502055625495,6.638755531137107,8.773776087392058
1967-09-01,-2.41328787929648,6.463385941243565,8.876673820540045
1967-10-01,-2.64164141012711,6.728038860366435,9.369680270493545
1967-11-01,-2.2791959816528,7.417800940628179,9.696996922280979
1967-12-01,-2.58815124930902,6.367915997419413,8.956067246728432
1968-01-01,-2.92678669783916,6.1261111664947805,9.052897864333941
1968-02-01,-2.6320637692261397,6.820781278351448,9.452845047577588
1968-03-01,-2.50148949914358,7.514109636363614,10.015599135507195
1968-04-01,-2.80887777353898,6.22471261050925,9.03359038404823
1968-05-01,-2.59576464920555,6.752132541301209,9.347897190506758
1968-06-01,-2.86096205249908,6.023055947274501,8.884017999773581
1968-07-01,-2.88994651085006,5.584987411354568,8.474933922204627
1968-08-01,-2.02599536456709,6.055942683281531,8.08193804784862
1968-09-01,-2.36989169817403,6.023416374158607,8.393308072332637
1968-10-01,-2.93677123627972,6.21835069052313,9.15512192680285
1968-11-01,-3.6643228172882596,5.995395136143558,9.659717953431818
1968-12-01,-3.6194372497889398,6.508805530310534,10.128242780099473
1969-01-01,-2.88721016447751,6.640810300295475,9.528020464772984
1969-02-01,-3.0255130155565397,7.311448228861279,10.336961244417818
1969-03-01,-2.6294536014482497,7.339541704589723,9.968995306037973
1969-04-01,-2.67142145027811,6.51713249100996,9.18855394128807
1969-05-01,-3.2877791186195098,6.781718605451706,10.069497724071216
1969-06-01,-2.61559920870978,7.5987132486261775,10.214312457335957
1969-07-01,-2.1122186476369698,8.158191167854351,10.270409815491321
1969-08-01,-1.64423305545108,8.007893205010744,9.652126260461824
1969-09-01,-1.6346310010965301,8.971055878207544,10.605686879304073
1969-10-01,-2.12596026719444,8.003880971472386,10.129841238666826
1969-11-01,-2.2925778303101296,7.976502715817114,10.269080546127244
1969-12-01,-1.41370359892347,9.03189844722456,10.44560204614803
1970-01-01,-1.1477621398428501,8.842062846369384,9.989824986212234
1970-02-01,-0.48549116449231,7.613546310159199,8.099037474651508
1970-03-01,-1.6882974241758602,7.246732944104364,8.935030368280223
1970-04-01,-1.56181912689615,8.525146810358633,10.086965937254783
1970-05-01,0.03291134671612,10.869494860473505,10.836583513757386
1970-06-01,0.6684580177345101,9.891418996558265,9.222960978823755
1970-07-01,1.15743139559907,8.205877190808064,7.048445795208994
1970-08-01,1.10893055109326,7.908598288867635,6.799667737774375
1970-09-01,0.73995040543766,6.90705191805066,6.167101512613001
1970-10-01,0.77786185512358,6.674765884863069,5.896904029739489
1970-11-01,1.18102797955617,4.971662730308628,3.7906347507524583
1970-12-01,0.31555751529843,3.532079575069689,3.2165220597712594
1971-01-01,-0.16709123430016,3.727576144679231,3.8946673789793906
1971-02-01,-0.9586367071483001,3.9907742766087657,4.9494109837570655
1971-03-01,-0.87534280564596,2.281557402913175,3.156900208559135
1971-04-01,-1.14716032578183,2.316471202131832,3.463631527913662
1971-05-01,-1.2261023454120101,3.75789465598156,4.98399700139357
1971-06-01,-0.9966835847881401,3.99841633196154,4.99509991674968
1971-07-01,-1.23612564954272,4.7825063937309205,6.018632043273641
1971-08-01,-1.05667923166085,4.583972369741925,5.640651601402775
1971-09-01,-2.24577441579947,3.518255694110528,5.7640301099099975
1971-10-01,-1.89054545665326,3.56490121728992,5.455446673943181
1971-11-01,-1.18648291712324,4.122570043731159,5.309052960854399
1971-12-01,-1.73583700374462,3.854313755206297,5.590150758950917
1972-01-01,-2.6714873596010698,3.926772843870405,6.598260203471474
1972-02-01,-3.0433439385573102,4.177765889524655,7.221109828081965
1972-03-01,-3.5287453923462198,3.854871668214047,7.383617060560267
1972-04-01,-3.1522616565126302,4.158697853776959,7.31095951028959
1972-05-01,-3.0896914942138,4.178540695258497,7.268232189472297
1972-06-01,-3.75913440646755,4.234862684185616,7.993997090653166
1972-07-01,-3.69041667214332,4.294325711455526,7.984742383598846
1972-08-01,-3.96823426517599,4.400010264708669,8.36824452988466
1972-09-01,-2.74370415822574,6.0053365116445905,8.74904066987033
1972-10-01,-1.93714234420522,5.904322113919316,7.841464458124536
1972-11-01,-1.96464527480457,4.96907046505219,6.93371573985676
1972-12-01,-1.99361000495763,5.222151747611566,7.215761752569196
1973-01-01,-1.70929714051176,5.555146080527936,7.264443221039696
1973-02-01,-1.10896569389608,6.319035425528296,7.428001119424375
1973-03-01,-0.50631756542042,6.603808487940411,7.110126053360831
1973-04-01,0.06599084043763,6.5599448771117554,6.4939540366741255
1973-05-01,0.76997385593502,7.564297064465422,6.794323208530402
1973-06-01,1.18665240778284,7.862383761595611,6.675731353812771
1973-07-01,1.11858986483297,8.197480543472803,7.078890678639834
1973-08-01,1.18959062608101,8.553398866574796,7.3638082404937855
1973-09-01,1.29162795818476,7.129304880655911,5.837676922471151
1973-10-01,0.99629290667921,6.469218739030456,5.472925832351246
1973-11-01,1.6454975003629801,7.307618952603512,5.662121452240532
1973-12-01,2.4077050220234,8.32127673979553,5.913571717772131
1974-01-01,2.42294438662571,9.00728354857243,6.584339161946719
1974-02-01,2.22301865028164,9.394563720280544,7.1715450699989045
1974-03-01,1.92050133382453,9.443211691098238,7.5227103572737075
1974-04-01,2.4697271508143,10.513832130598928,8.044104979784628
1974-05-01,2.82305605523798,10.860125528234773,8.037069472996793
1974-06-01,2.63903108821164,10.206201943613006,7.567170855401367
1974-07-01,3.83215556718379,12.783038176385606,8.950882609201816
1974-08-01,5.23983758513104,13.752002869308095,8.512165284177055
1974-09-01,6.580788021937729,15.276091534840248,8.69530351290252
1974-10-01,6.361215896785439,13.880652502101205,7.519436605315765
1974-11-01,6.18952509985482,12.493066473470146,6.303541373615325
1974-12-01,6.86608257196788,13.636330585148622,6.770248013180742
1975-01-01,6.49319145396334,11.65890837455531,5.1657169205919695
1975-02-01,6.0315045360044,9.834627980382798,3.8031234443783983
1975-03-01,5.467849026249301,10.49144713997223,5.0235981137229295
1975-04-01,5.4102054931585295,11.423922376957028,6.013716883798499
1975-05-01,5.03077420472255,9.617979455309236,4.587205250586686
1975-06-01,5.0408871619805,8.93576352163933,3.8948763596588307
1975-07-01,5.32700790039371,9.922910867097396,4.595902966703687
1975-08-01,5.8963523143215,12.2619942361429,6.365641921821401
1975-09-01,5.81467708071863,12.550886069760228,6.736208989041598
1975-10-01,5.478083843122071,10.490657806788306,5.012573963666235
1975-11-01,5.97010097401355,10.117248963565356,4.147147989551805
1975-12-01,6.654074724163039,10.333854728903358,3.6797800047403184
1976-01-01,5.75552004614769,7.827373357394977,2.0718533112472874
1976-02-01,5.9759385545582395,7.589552635626868,1.6136140810686284
1976-03-01,6.59650765760719,7.597634273993435,1.0011266163862453
1976-04-01,6.8264915193053,7.5889570996316476,0.7624655803263476
1976-05-01,6.966340640356659,8.734255669392903,1.767915029036244
1976-06-01,7.19846534420483,8.478264505208934,1.279799161004104
1976-07-01,6.77854120560914,8.142870551710972,1.3643293461018322
1976-08-01,7.11628335415959,8.64802651877457,1.53174316461498
1976-09-01,6.58168442116924,8.49763226191673,1.9159478407474895
1976-10-01,6.9544710671768595,8.86857634146973,1.9141052742928704
1976-11-01,7.3741610091351895,8.913961539007758,1.5398005298725685
1976-12-01,7.183943193708201,7.52955774618953,0.34561455248132944
1977-01-01,7.92373673156512,8.450915256011857,0.5271785244467369
1977-02-01,8.93394897560515,9.322092003014271,0.38814302740912154
1977-03-01,9.43201595783886,9.759505136915143,0.3274891790762826
1977-04-01,9.50215626131854,10.447979789026427,0.945823527707887
1977-05-01,9.52949361660973,10.738385862637976,1.2088922460282454
1977-06-01,9.94754033381055,10.387052884786957,0.4395125509764064
1977-07-01,10.17057469131228,10.406694723966005,0.23612003265372472
1977-08-01,11.072523406677389,11.232570796569085,0.1600473898916963
1977-09-01,10.840109360941371,11.498874926347714,0.6587655654063429
1977-10-01,9.70059401393503,12.371969584145008,2.671375570209978
1977-11-01,8.20694448285066,12.131752722823421,3.9248082399727604
1977-12-01,8.1048218319675,12.511776588180224,4.406954756212723
1978-01-01,8.971822063712121,13.649492039441057,4.677669975728936
1978-02-01,9.477266521704369,14.378547976555176,4.901281454850807
1978-03-01,9.836358000947131,14.218489784480383,4.382131783533252
1978-04-01,9.25189488884892,12.952676395256582,3.7007815064076617
1978-05-01,8.49227002526282,11.819923395974174,3.327653370711353
1978-06-01,9.12427446160417,11.879247643285368,2.7549731816811978
1978-07-01,9.13467085775028,12.377398278737491,3.2427274209872117
1978-08-01,8.18158447201311,11.162934577063217,2.9813501050501063
1978-09-01,8.35417319112878,11.175914172914908,2.821740981786128
1978-10-01,9.12731891750973,12.064008633404335,2.9366897158946053
1978-11-01,9.55532222395814,13.753510849375173,4.198188625417034
1978-12-01,9.629254190730279,13.146455494333319,3.5172013036030396
1979-01-01,9.60033615161357,11.965534678581125,2.3651985269675553
1979-02-01,10.156353988021149,12.791617254557087,2.6352632665359383
1979-03-01,9.93159807436503,12.118400387072679,2.1868023127076484
1979-04-01,10.10617980298147,11.5678837784891,1.4617039755076302
1979-05-01,10.8400152970846,12.301205332339677,1.4611900352550773
1979-06-01,11.04179791658224,11.754591769452482,0.7127938528702416
1979-07-01,11.287090177119929,11.743842209031923,0.45675203191199465
1979-08-01,11.34078443352586,10.937821509701706,0.40296292382415366
1979-09-01,11.30555260361936,11.006666713611647,0.29888589000771226
1979-10-01,11.75345005739023,11.07807413684886,0.6753759205413701
1979-11-01,11.66186041560251,9.839364656392963,1.8224957592095468
1979-12-01,11.581447133810329,8.966789685289601,2.6146574485207275
1980-01-01,11.01402082141322,9.874265348454344,1.1397554729588766
1980-02-01,10.35778271132481,10.07151102368826,0.2862716876365514
1980-03-01,11.78175713323863,11.131957423391658,0.6497997098469721
1980-04-01,12.04204269759121,12.501764476186906,0.4597217785956964
1980-05-01,11.998882624858789,12.145846133406366,0.1469635085475769
1980-06-01,11.66744129574879,9.719505672276432,1.9479356234723575
1980-07-01,11.10316674280786,9.638411620385861,1.4647551224219981
1980-08-01,9.79691859901767,5.502149717342041,4.29476888167563
1980-09-01,9.0057723227128,3.363708208920363,5.642064113792438
1980-10-01,8.43323771458806,1.6259485313345068,6.807289183253554
1980-11-01,8.32776648239526,1.2725294406861214,7.055237041709139
1980-12-01,9.05256609547462,0.9134832273251439,8.139082868149476
1981-01-01,8.999376528357491,1.805687081216505,7.1936894471409865
1981-02-01,10.64422441133434,3.10462860981629,7.53959580151805
1981-03-01,10.58547408601895,3.7276112731100652,6.857862812908884
1981-04-01,10.74859855654792,2.71311349571489,8.03548506083303
1981-05-01,10.96327145013311,1.9295022710744947,9.033769179058616
1981-06-01,10.97245625758118,2.3026892973118844,8.669766960269296
1981-07-01,11.39085753991322,2.806518257595489,8.584339282317732
1981-08-01,11.64852364920596,4.449102734887629,7.19942091431833
1981-09-01,12.645967903323442,6.327924235153776,6.318043668169666
1981-10-01,12.481013401317021,5.598554222027882,6.882459179289139
1981-11-01,12.14905586663286,3.0861920381923054,9.062863828440555
1981-12-01,12.149326611580449,2.859381204783773,9.289945406796676
1982-01-01,13.525435079719369,4.64502754771271,8.880407532006659
1982-02-01,13.671369118165039,5.154088615119097,8.517280503045942
1982-03-01,13.80266687949665,5.647211481937884,8.155455397558766
1982-04-01,13.25950616870195,3.386877993783112,9.872628174918837
1982-05-01,13.51777288868461,3.7988918162694176,9.718881072415192
1982-06-01,14.08243126750017,6.76550074474094,7.316930522759229
1982-07-01,14.30515212015299,7.556649020758018,6.748503099394972
1982-08-01,14.31275985462921,7.5513800100527595,6.76137984457645
1982-09-01,13.04857160174579,4.3959349636065825,8.652636638139207
1982-10-01,11.95215720640898,2.407640138796678,9.544517067612302
1982-11-01,11.72542550530035,2.866779829499385,8.858645675800965
1982-12-01,11.89690134360594,3.1380975613987996,8.75880378220714
1983-01-01,11.45070153701413,2.1215725096069917,9.329129027407138
1983-02-01,11.37872294809714,2.228295917321181,9.150427030775958
1983-03-01,11.15459652345689,1.9586422427332606,9.19595428072363
1983-04-01,10.59706013415338,2.2889719812995493,8.30808815285383
1983-05-01,10.25041728369018,2.68804521850707,7.5623720651831094
1983-06-01,10.171755700388479,1.8944703888643735,8.277285311524105
1983-07-01,10.14482829963423,1.6260918591310787,8.518736440503153
1983-08-01,10.60906739376594,2.0290237961911446,8.580043597574797
1983-09-01,10.42953585223243,1.9403576258944233,8.489178226338007
1983-10-01,10.48168317811664,2.500982751468123,7.980700426648517
1983-11-01,10.623588135321329,2.527758388064713,8.095829747256616
1983-12-01,10.74634707816972,2.639030854602046,8.107316223567674
1984-01-01,10.79876312683869,3.080746550538553,7.718016576300137
1984-02-01,11.3896717110254,5.132470051122469,6.257201659902932
1984-03-01,11.16473904524248,4.720428951350777,6.444310093891704
1984-04-01,10.76962112399326,4.425431092807845,6.344190031185416
1984-05-01,10.938875012197501,4.1509606787469355,6.787914333450566
1984-06-01,11.2629945585579,3.5435503027228767,7.719444255835023
1984-07-01,11.31938853423488,3.2264870448016607,8.09290148943322
1984-08-01,10.6764695039567,1.6120082680633052,9.064461235893393
1984-09-01,10.63501794532386,1.9350903850162071,8.699927560307653
1984-10-01,10.65557673390629,2.774401618677002,7.881175115229288
1984-11-01,10.45845846160276,3.1608738730406603,7.297584588562099
1984-12-01,10.42288377667199,3.3498676430905165,7.073016133581473
1985-01-01,10.1602663507621,2.630630531872139,7.529635818889961
1985-02-01,9.9615297703139,1.5983105049237547,8.363219265390146
1985-03-01,10.29732942127608,1.0867128882993815,9.2106165329767
1985-04-01,10.54959502085612,1.5160461929756752,9.033548827880445
1985-05-01,10.63475615535809,1.2573436992660953,9.377412456091996
1985-06-01,10.71565193131705,2.3776412832136646,8.338010648103385
1985-07-01,10.87620855965088,2.2818816061639327,8.594326953486949
1985-08-01,11.1312213640113,2.483704191451989,8.647517172559311
1985-09-01,11.75911215132323,3.4028840647301277,8.356228086593102
1985-10-01,11.699545839275661,3.0502136910083264,8.649332148267334
1985-11-01,11.30360579625291,1.9883999716775236,9.315205824575386
1985-12-01,11.13832933132175,1.9128368469728994,9.22549248434885
1986-01-01,11.03866339872452,2.3256299536143406,8.71303344511018
1986-02-01,10.99405597776628,1.9747669222818596,9.019289055484421
1986-03-01,10.20065508737588,0.7349607901523103,9.46569429722357
1986-04-01,9.86214540478656,-0.18758460574035007,10.04973001052691
1986-05-01,10.07337068963858,-0.03086800786924071,10.10423869750782
1986-06-01,9.92715282481846,-0.21125485343642403,10.138407678254884
1986-07-01,9.71748687483542,0.6061021718424682,9.11138470299295
1986-08-01,9.80155292754698,-0.20295814286847458,10.004511070415456
1986-09-01,10.31088235866306,0.5926896534279709,9.718192705235088
1986-10-01,10.74210452551678,1.206587058598024,9.535517466918755
1986-11-01,10.89262320822423,0.8639263996845861,10.028696808539642
1986-12-01,10.84688733372283,0.514675214677319,10.332212119045511
1987-01-01,10.521712997774289,0.41896796420493043,10.10274503356936
1987-02-01,10.30666167005045,0.22644017150990914,10.080221498540542
1987-03-01,9.78808838023976,0.2014126138060548,9.586675766433705
1987-04-01,9.547154030797241,0.5838231063449228,8.963330924452318
1987-05-01,10.54416961724187,0.5269837405830669,10.017185876658804
1987-06-01,10.657640898187081,-0.41807406041926143,11.075714958606342
1987-07-01,10.950345027898202,-1.420044220939881,12.370389248838082
1987-08-01,10.33421753377836,-2.016587452544189,12.35080498632255
1987-09-01,10.83585202171864,-1.6932672283115475,12.529119250030188
1987-10-01,12.42782151631709,-0.8677748669901595,13.295596383307249
1987-11-01,13.79844068422759,1.4991774004146348,12.299263283812955
1987-12-01,14.26218669849701,1.6666328739769982,12.59555382452001
1988-01-01,13.823197341745061,1.0069628188820787,12.816234522862983
1988-02-01,14.16558931135902,0.7369704265602999,13.42861888479872
1988-03-01,14.421543923692301,0.6718831298187307,13.74966079387357
1988-04-01,14.94515538637941,0.7202969647286293,14.224858421650781
1988-05-01,15.191947926139179,1.2197429761682528,13.972204949970926
1988-06-01,14.57054956333074,0.03573699347309134,14.53481256985765
1988-07-01,15.142125977307899,0.09435891721331302,15.047767060094586
1988-08-01,14.545422414527632,0.7353202038983935,13.810102210629239
1988-09-01,13.816317729335669,0.8785110013669093,12.93780672796876
1988-10-01,13.54781360533008,1.683332664119485,11.864480941210596
1988-11-01,14.98002183797238,2.294784910390631,12.68523692758175
1988-12-01,15.204074375042179,1.6701325829482099,13.53394179209397
1989-01-01,15.40282261614802,1.177029113962836,14.225793502185184
1989-02-01,15.05428762996861,1.2889641432964252,13.765323486672184
1989-03-01,15.43588922808678,1.4632324026505399,13.972656825436239
1989-04-01,15.503405201669501,0.9737472539147878,14.529657947754714
1989-05-01,15.09207545662996,0.5565791534637685,14.535496303166191
1989-06-01,14.665589177332139,0.875126757634928,13.79046241969721
1989-07-01,14.84937641555732,0.3742979814791272,14.475078434078192
1989-08-01,13.875801545657529,-0.1790236723634946,14.054825218021023
1989-09-01,13.73748080972197,-0.25204386256136413,13.989524672283334
1989-10-01,13.59339406589825,-0.4430845134873773,14.036478579385628
1989-11-01,14.60558355437451,-0.3143123279766238,14.919895882351135
1989-12-01,14.63144713868969,-0.5345603141336412,15.166007452823331
1990-01-01,14.957948186985739,-0.10534278041510658,15.063290967400846
1990-02-01,14.949605587691849,0.6090796834381882,14.34052590425366
1990-03-01,15.05498211022891,0.3665377413988189,14.68844436883009
1990-04-01,15.206116521608429,0.46457845412494647,14.741538067483482
1990-05-01,14.45448642741518,-0.6428367318379529,15.097323159253133
1990-06-01,14.455410232536181,-1.112209339517419,15.5676195720536
1990-07-01,14.55014884430765,-0.4869724763965544,15.037121320704204
1990-08-01,15.70564545635939,0.2764638674015498,15.42918158895784
1990-09-01,16.13032227149107,1.0889095810161908,15.04141269047488
1990-10-01,15.83035448252367,1.3965779138082914,14.433776568715379
1990-11-01,15.41975191319529,0.7896060538243139,14.630145859370977
1990-12-01,14.522336198855989,0.2550390482838063,14.267297150572183
1991-01-01,14.649112480055958,0.47647966119209517,14.172632818863864
1991-02-01,13.12398388639966,-0.39286953824677395,13.516853424646435
1991-03-01,11.707815588530531,-0.4305639002526158,12.138379488783148
1991-04-01,11.48066049088081,-0.5426327442343886,12.023293235115199
1991-05-01,12.227332751167399,-0.1675038860278657,12.394836637195265
1991-06-01,11.9315518156239,0.08377773198694882,11.847774083636951
1991-07-01,11.591094263251819,0.07806140845955989,11.51303285479226
1991-08-01,11.0991402751023,-0.0003272050276978966,11.099467480129999
1991-09-01,9.81340932644538,-0.14852354357298703,9.961932870018366
1991-10-01,10.19140251591708,-0.3927694081907229,10.584171924107803
1991-11-01,10.78517203724971,-0.5106477663402917,11.295819803590001
1991-12-01,10.895246905515311,-0.3742520822019495,11.26949898771726
1992-01-01,10.06883892416612,-0.8820362908718895,10.950875215038009
1992-02-01,9.75652099875556,-0.7515319606605271,10.508052959416087
1992-03-01,10.39346842654096,0.07287677996036113,10.3205916465806
1992-04-01,9.92473008658469,0.5472992219174628,9.377430864667227
1992-05-01,9.40228370768159,0.38976577916902855,9.012517928512562
1992-06-01,8.91511606171029,0.6559054981145405,8.25921056359575
1992-07-01,7.48956599860077,0.42143612559149846,7.068129873009271
1992-08-01,7.50521177233505,0.5903185607049077,6.914893211630142
1992-09-01,6.954487764106029,0.3911381188780467,6.563349645227983
1992-10-01,6.95463672685392,-0.11125417034122087,7.065890897195141
1992-11-01,7.36587144992082,0.021210702437339357,7.344660747483481
1992-12-01,6.92570001637469,-0.312379313568818,7.238079329943508
1993-01-01,6.89205544225497,-0.5414149106180672,7.433470352873037
1993-02-01,5.96008359866011,-0.07662847860382715,6.036712077263937
1993-03-01,5.84589498500141,-0.0033153411431965374,5.849210326144606
1993-04-01,6.58908204128838,0.0766134142349002,6.5124686270534795
1993-05-01,7.09717971550787,0.057445393166145386,7.039734322341725
1993-06-01,7.603362047263119,0.31977039088749004,7.283591656375629
1993-07-01,7.64915778473942,0.2889394280937898,7.36021835664563
1993-08-01,7.43238863252457,0.7046389696253512,6.727749662899219
1993-09-01,7.60979634683007,0.9659989089030443,6.6437974379270255
1993-10-01,7.7493239381001,0.8464907091160438,6.902833228984056
1993-11-01,7.91503760691609,0.5598662671937884,7.355171339722301
1993-12-01,8.15754678080959,0.35049310489653207,7.807053675913057
1994-01-01,8.46988855046779,0.5030039334182681,7.966884617049521
1994-02-01,8.574091689351459,0.5420236777941128,8.032068011557346
1994-03-01,8.525798551833901,0.6099895264775781,7.915809025356323
1994-04-01,8.98080685186901,0.8864721247100067,8.094334727159003
1994-05-01,8.52781230578767,0.9032529022013698,7.6245594035863
1994-06-01,8.71658207274506,0.6553972060863837,8.061184866658676
1994-07-01,8.5737172821608,0.8146665047302841,7.759050777430516
1994-08-01,8.1315070024978,0.7712456585256295,7.360261343972171
1994-09-01,8.34676666405329,0.4913573181440132,7.855409345909276
1994-10-01,8.35632992767434,0.7262854601214253,7.630044467552914
1994-11-01,8.91193770790323,0.7205506484701276,8.1913870594331
1994-12-01,9.35812392019217,1.5174359112200944,7.8406880089720765
1995-01-01,8.9664153638161,1.3365157181757943,7.629899645640306
1995-02-01,8.72089988587272,1.144298672119087,7.576601213753634
1995-03-01,8.37050012168041,0.7800811075439431,7.590419014136467
1995-04-01,7.72831598298422,0.4144369872870284,7.313878995697191
1995-05-01,7.54908214365983,0.5637971801718451,6.9852849634879846
1995-06-01,7.46034625581,0.5049569308950903,6.9553893249149095
1995-07-01,7.22891264589864,-0.1081399864575272,7.337052632356167
1995-08-01,7.18060562370286,-0.31373790178981986,7.494343525492679
1995-09-01,6.71119034729692,-0.6002988658897723,7.311489213186693
1995-10-01,6.34450961532198,-0.45222740284961604,6.796737018171596
1995-11-01,6.58897390429147,-0.5185772429340925,7.107551147225562
1995-12-01,6.496255336682689,-0.8525550064620862,7.348810343144775
1996-01-01,6.615468706570771,-0.7529826614273909,7.368451367998162
1996-02-01,6.0167400392254695,-1.1911173322929436,7.207857371518413
1996-03-01,6.19064776461455,-1.358845732927576,7.549493497542126
1996-04-01,6.20512836494946,-1.183413625824373,7.388541990773833
1996-05-01,5.84254181691858,-1.1164501731123777,6.958991990030958
1996-06-01,5.40459480031398,-1.1547961630126387,6.559390963326619
1996-07-01,5.843108413894741,-0.7300649816056364,6.573173395500377
1996-08-01,5.76172699588211,-0.7998094559744859,6.561536451856595
1996-09-01,5.89982956848207,-1.0599119236765135,6.959741492158583
1996-10-01,5.93963145995295,-1.0979765511650985,7.037608011118048
1996-11-01,5.66370380665641,-1.3144773386195365,6.978181145275947
1996-12-01,5.74681654788964,-1.3843723273361928,7.131188875225833
1997-01-01,5.48229600836782,-1.6478739156323958,7.130169924000215
1997-02-01,5.17636525158251,-2.022574661845657,7.198939913428167
1997-03-01,4.91009543678802,-1.9355489868366318,6.845644423624652
1997-04-01,5.65107359687875,-1.6055798490885551,7.256653445967306
1997-05-01,5.0030348621763,-2.319437053863803,7.322471916040103
1997-06-01,4.48739432460616,-2.608583757251721,7.095978081857881
1997-07-01,3.9815058756798605,-2.582685270876722,6.564191146556583
1997-08-01,3.53868380152653,-2.5455605302598716,6.084244331786401
1997-09-01,3.72705654917298,-2.3291494088578664,6.056205958030846
1997-10-01,3.8672622302991804,-2.2927972989772325,6.160059529276413
1997-11-01,3.40917091847767,-2.0546222667903993,5.463793185268069
1997-12-01,3.2618370675246,-2.0992788716365425,5.3611159391611425
1998-01-01,2.4993227029100398,-2.082147488733533,4.581470191643573
1998-02-01,1.6942273310250802,-2.4785157313578963,4.172743062382977
1998-03-01,0.83194071987042,-2.802627784525924,3.634568504396344
1998-04-01,0.8710108398669301,-3.044447524040665,3.915458363907595
1998-05-01,1.0828973340422499,-2.847618345130268,3.930515679172518
1998-06-01,0.5449997015311401,-2.4832516990563693,3.0282514005875094
1998-07-01,-0.55921781873471,-2.8324254688103823,2.273207650075672
1998-08-01,0.42377678677378,-2.4916294901305536,2.9154062769043336
1998-09-01,0.4553248915591,-2.9893521028413867,3.4446769944004867
1998-10-01,-1.7876654765095201,-3.817846633913892,2.030181157404372
1998-11-01,-3.4893972974395497,-4.268960144175092,0.7795628467355424
1998-12-01,-3.81667681586419,-4.5512722529923995,0.7345954371282093
1999-01-01,-4.41315106295773,-4.826117172163187,0.41296610920545707
1999-02-01,-5.1036317712709,-4.431171117373317,0.6724606538975824
1999-03-01,-5.92388358346658,-4.52205397897418,1.4018296044924003
1999-04-01,-5.17514022966861,-4.670729208420544,0.5044110212480666
1999-05-01,-4.5803686968187,-4.30331536993072,0.27705332688797935
1999-06-01,-4.33369527184962,-4.372763240294409,0.039067968444789436
1999-07-01,-4.59163368629911,-4.646466004040856,0.05483231774174602
1999-08-01,-3.47209201276808,-4.493025454835179,1.0209334420670988
1999-09-01,-3.02749587804969,-4.54179796210768,1.5143020840579897
1999-10-01,-2.66476233547841,-4.418394002794789,1.7536316673163794
1999-11-01,-3.13156393685365,-4.362762872039264,1.2311989351856139
1999-12-01,-3.16992645492846,-4.034356278555011,0.8644298236265509
2000-01-01,-3.03223938877084,-3.490480161131023,0.4582407723601829
2000-02-01,-3.01940942691859,-3.510817839967557,0.4914084130489673
2000-03-01,-2.79436462995652,-4.19822932031572,1.4038646903592
2000-04-01,-2.55326189447415,-4.501836017522905,1.948574123048755
2000-05-01,-2.85905450788018,-4.932795215745067,2.0737407078648866
2000-06-01,-3.44988684323145,-4.647721907411884,1.1978350641804343
2000-07-01,-3.5265021397115395,-1.479559956278714,2.0469421834328254
2000-08-01,-3.5469471616875996,-1.662637983731985,1.8843091779556147
2000-09-01,-3.07667117128989,-1.7527682036179204,1.3239029676719696
2000-10-01,-2.11431941942695,-1.5476040105468707,0.5667154088800794
2000-11-01,-1.7954377618990098,-1.394047852452057,0.40138990944695285
2000-12-01,-1.12589100071361,-1.3526290364242906,0.22673803571068052
2001-01-01,-0.81823413419265,-1.309456318725072,0.49122218453242206
2001-02-01,-0.30405623200556003,-1.093994755016361,0.7899385230108009
2001-03-01,0.46247634573559004,-0.8561522636431818,1.3186286093787718
2001-04-01,0.6139016245044701,-0.9199316176980643,1.5338332422025345
2001-05-01,0.01086934960339,-0.7929472207045931,0.8038165703079831
2001-06-01,-0.09261741201780001,-0.7115860151262092,0.6189686031084092
2001-07-01,0.44659785179834,-0.7909250622086654,1.2375229140070054
2001-08-01,-0.47214672146069997,-0.949221061999352,0.477074340538652
2001-09-01,0.67289873996547,-0.903106540023014,1.576005279988484
2001-10-01,0.643920712841,-1.0759011499190665,1.7198218627600665
2001-11-01,0.31638813101837,-1.1747089983178558,1.4910971293362258
2001-12-01,0.31054556620513,-1.0968133592419465,1.4073589254470764
2002-01-01,0.78905068108023,-0.8159013136415227,1.6049519947217528
2002-02-01,1.54228890340064,-0.656699222043593,2.1989881254442327
2002-03-01,1.32139940358819,-0.6299223660020843,1.9513217695902743
2002-04-01,1.70681775400576,-0.27456546948034344,1.9813832234861035
2002-05-01,1.69052596254353,-0.0499912799487241,1.7405172424922541
2002-06-01,2.21537037840957,0.23088574124503491,1.984484637164535
2002-07-01,3.7123546768372297,0.6712376767731145,3.0411170000641152
2002-08-01,3.91791761921036,0.7104463051657115,3.2074713140446485
2002-09-01,4.70807672275339,0.8403526769318121,3.8677240458215776
2002-10-01,4.851198970971541,0.9702207525933195,3.880978218378221
2002-11-01,3.93084778592571,0.9901581553587198,2.94068963056699
2002-12-01,4.2685327215542,1.2664652452866463,3.0020674762675537
2003-01-01,4.74403953858399,1.4584927047296157,3.285546833854374
2003-02-01,5.67926132155189,2.148728620297362,3.5305327012545282
2003-03-01,5.86177246128232,2.1758975914877654,3.6858748697945547
2003-04-01,5.45828504479284,2.1077904285822164,3.3504946162106233
2003-05-01,5.3484219096966195,1.8891981564278018,3.4592237532688177
2003-06-01,4.634469993842201,1.5534607191313006,3.0810092747109
2003-07-01,4.91512320244629,1.7563114014122614,3.158811801034029
2003-08-01,4.986392073794979,1.8703522329917144,3.116039840803265
2003-09-01,4.80619610559223,1.875254893759542,2.930941211832688
2003-10-01,4.83098827621542,1.9368184563348132,2.8941698198806067
2003-11-01,5.0951445981842705,2.0129580279753942,3.082186570208876
2003-12-01,4.92622033538778,1.9670137188657089,2.9592066165220707
2004-01-01,4.53476479357468,1.902854968043631,2.6319098255310487
2004-02-01,4.42598385157042,2.0863963613948004,2.3395874901756195
2004-03-01,4.87222802562943,2.1883527387508934,2.6838752868785365
2004-04-01,4.79138775180507,0.9555059158684545,3.8358818359366156
2004-05-01,5.24854930284026,2.749778062520866,2.4987712403193942
2004-06-01,5.29693897626046,2.73410152798336,2.5628374482771
2004-07-01,5.67984861036627,2.8658036493674603,2.81404496099881
2004-08-01,5.8056338623077,1.605017799761919,4.200616062545781
2004-09-01,5.71611617416787,1.5995895863205085,4.116526587847361
2004-10-01,5.50411882830355,1.7185224030155615,3.785596425287989
2004-11-01,5.66035617007723,2.9508082081225577,2.709547961954672
2004-12-01,5.46433381714257,1.7572542841981988,3.7070795329443715
2005-01-01,5.56181163034623,1.9981145262328113,3.5636971041134187
2005-02-01,5.69519220246994,2.1845654661232636,3.5106267363466763
2005-03-01,5.74772206871643,2.310482106924497,3.437239961791933
2005-04-01,6.14817757626526,2.315073494548518,3.833104081716742
2005-05-01,6.04584004668793,2.1951527875323995,3.8506872591555306
2005-06-01,5.73956195207783,1.9283551767223925,3.8112067753554375
2005-07-01,5.58988164398452,1.9653538568362205,3.6245277871482995
2005-08-01,5.36713310733487,2.3123972460039437,3.054735861330926
2005-09-01,4.996802399340701,2.1278740135708367,2.868928385769864
2005-10-01,5.74823595004223,2.5707781180802214,3.1774578319620086
2005-11-01,5.58018090351664,2.1426476253812092,3.4375332781354304
2005-12-01,5.23292868934852,1.8724685234652947,3.360460165883225
2006-01-01,4.44690157548457,2.020531363788056,2.4263702116965136
2006-02-01,4.40345535412995,2.3557646234316745,2.047690730698276
2006-03-01,4.90738770319783,2.0844050014105107,2.822982701787319
2006-04-01,5.15635443303439,2.0456297291820364,3.1107247038523536
2006-05-01,5.21689604023682,2.1984590517085354,3.018436988528285
2006-06-01,5.60403298919809,2.5068143466872694,3.0972186425108204
2006-07-01,5.91955006262614,2.491568771848869,3.427981290777271
2006-08-01,5.81686874075553,2.369365657917621,3.447503082837909
2006-09-01,5.4290515744344,2.409481104436748,3.0195704699976518
2006-10-01,4.931731244385349,1.8793384986761357,3.0523927457092137
2006-11-01,4.84974079173683,1.9702836978004772,2.8794570939363524
2006-12-01,5.04493547699509,1.9679712583206075,3.0769642186744828
2007-01-01,5.093299693814,2.177262422011528,2.916037271802472
2007-02-01,5.21733038014484,2.0546586317204882,3.1626717484243514
2007-03-01,5.75149553665643,2.27696338164108,3.47453215501535
2007-04-01,5.34004999617183,2.1021967721126584,3.2378532240591715
2007-05-01,5.22068436002409,2.0192835367783,3.20140082324579
2007-06-01,5.38065470688235,2.050367699590665,3.330287007291685
2007-07-01,5.42842748564365,2.051575801758987,3.376851683884663
2007-08-01,5.85695348184871,1.971086641620369,3.885866840228341
2007-09-01,5.6832789146238705,1.6209498043836952,4.062329110240175
2007-10-01,5.68610103679492,1.7185629738904549,3.967538062904465
2007-11-01,6.43827863847303,1.6818538693544167,4.756424769118613
2007-12-01,6.609052562655799,1.265835530072012,5.343217032583787
2008-01-01,7.84918940401908,1.3166388419910504,6.53255056202803
2008-02-01,7.685881821312369,0.9811873608867776,6.704694460425592
2008-03-01,8.04868574665016,0.6727763544645979,7.375909392185561
2008-04-01,7.44250375074966,0.43169469252418047,7.01080905822548
2008-05-01,7.4248898963235,0.5877312783127522,6.837158618010748
2008-06-01,8.20913522187174,1.000779997805834,7.208355224065906
2008-07-01,9.117276894396339,1.35650809051159,7.760768803884749
2008-08-01,9.10398682969186,1.0439114071966973,8.060075422495162
2008-09-01,9.80242779243354,0.8730196787316871,8.929408113701854
2008-10-01,11.73446206857302,0.25292176763122676,11.481540300941793
2008-11-01,12.32877349303918,-0.5214915267138807,12.85026501975306
2008-12-01,11.64697970260033,-1.4405336654762362,13.087513368076566
2009-01-01,11.9903801413137,-0.8155454804462554,12.805925621759956
2009-02-01,13.41972856157924,0.4119173417101232,13.007811219869115
2009-03-01,14.27020431462029,0.378048375975931,13.89215593864436
2009-04-01,13.33289585355743,-1.0515659045753,14.38446175813273
2009-05-01,12.44007754089771,-0.8235148454165566,13.263592386314265
2009-06-01,12.37353171075956,0.32613060829953255,12.047401102460027
2009-07-01,12.61728579402776,0.7288262849515093,11.88845950907625
2009-08-01,11.41228756118684,0.6823161497923484,10.72997141139449
2009-09-01,11.35025457162959,0.7246414245342088,10.62561314709538
2009-10-01,11.07309735915176,0.74696772641121,10.32612963274055
2009-11-01,11.33939360586264,1.1456466893077986,10.19374691655484
2009-12-01,11.35690119985968,1.6616152025587674,9.695285997300912
2010-01-01,11.56869295242009,2.1057360703191934,9.462956882100897
2010-02-01,11.88342224740137,2.2837440121538517,9.599678235247518
2010-03-01,8.99958318527729,2.0499494545191586,6.949633730758132
2010-04-01,9.1157985758824,2.220673494362308,6.895125081520091
2010-05-01,10.41743678165152,2.5683819769304446,7.849054804721076
2010-06-01,11.44570537786624,2.3094739932539388,9.136231384612302
2010-07-01,11.79078523833712,2.2830300702379915,9.507755168099129
2010-08-01,12.31610721901454,2.5133796249182723,9.802727594096268
2010-09-01,11.864716983627451,2.118702687751254,9.746014295876197
2010-10-01,11.56499808974365,1.5148542165992347,10.050143873144416
2010-11-01,11.73463406182546,1.3273233681906822,10.407310693634777
2010-12-01,11.801886562262789,1.4600415553705526,10.341845006892235
2011-01-01,11.73505650585402,1.4531417955558754,10.281914710298144
2011-02-01,11.6571821620756,1.4134378250206225,10.243744337054977
2011-03-01,11.90302059269932,1.5854015192630562,10.317619073436264
2011-04-01,12.29223287703975,1.5709266017135088,10.72130627532624
2011-05-01,12.26633622404484,1.63405172709221,10.63228449695263
2011-06-01,12.77175373475465,1.8896577331865232,10.882096001568128
2011-07-01,12.7238653575799,1.712163281138337,11.011702076441562
2011-08-01,14.223025185387051,2.4733054673458432,11.749719718041208
2011-09-01,14.29011968624729,2.1440833463339493,12.14603633991334
2011-10-01,13.88407291884095,1.9641766601145783,11.919896258726371
2011-11-01,14.14713541041896,2.004491699433546,12.142643710985414
2011-12-01,13.938028915548358,1.7007331583519911,12.237295757196367
2012-01-01,13.126854152476032,1.40316495068216,11.72368920179387
2012-02-01,12.28217666892272,1.366893636821044,10.915283032101676
2012-03-01,11.79926085057958,1.428091066781695,10.371169783797885
2012-04-01,11.78816548693031,1.4689282600972753,10.319237226833035
2012-05-01,11.08894374056459,1.6993322971948124,9.389611443369777
2012-06-01,10.669827465301559,1.6943607678648407,8.975466697436719
2012-07-01,10.38592624549996,1.6982979627530277,8.687628282746932
2012-08-01,10.77353723690244,1.649501109590246,9.124036127312195
2012-09-01,9.63805834479345,1.9738056895419196,7.664252655251531
2012-10-01,9.26938274568123,2.6021946745707933,6.667188071110438
2012-11-01,10.10879063691003,3.027360238692289,7.081430398217741
2012-12-01,9.87718287052188,2.864829888525966,7.012352981995914
2013-01-01,9.51355801015421,2.740384690652877,6.773173319501333
2013-02-01,9.62866850892665,2.564286171423529,7.064382337503121
2013-03-01,9.04093591659696,2.496026366130341,6.544909550466619
2013-04-01,9.24446022394058,2.631583726994829,6.612876496945751
2013-05-01,8.8287021832289,2.3239607268228166,6.504741456406084
2013-06-01,9.46871062073071,2.20769869630155,7.261011924429159
2013-07-01,9.517707137200079,2.1550632034562973,7.362643933743781
2013-08-01,9.34569135632263,2.28585431184954,7.05983704447309
2013-09-01,9.09699270782677,2.2522677876925097,6.84472492013426
2013-10-01,8.50949373395795,2.2005046717400685,6.308989062217881
2013-11-01,8.58640968739476,1.9550263917024564,6.631383295692303
2013-12-01,8.980865249517821,2.1311944197627692,6.849670829755052
2014-01-01,9.16995500597082,2.4163002454677063,6.753654760503114
2014-02-01,9.60685840088559,2.491276875027533,7.115581525858057
2014-03-01,9.66601507548554,2.422565836165593,7.243449239319947
2014-04-01,9.52613746398405,2.7168312876894563,6.8093061762945934
2014-05-01,9.65180286425031,2.741478566337961,6.91032429791235
2014-06-01,9.70597897578096,2.582711448500538,7.123267527280422
2014-07-01,9.78401428107262,2.6023869153850105,7.18162736568761
2014-08-01,9.69656427765064,2.6066953751682522,7.089868902482388
2014-09-01,9.78846295592641,2.489217201005497,7.299245754920912
2014-10-01,10.38493219980498,2.6199556044379526,7.764976595367028
2014-11-01,9.989892401571481,2.153843944702649,7.8360484568688324
2014-12-01,10.01442187939432,2.0808792899151545,7.933542589479165
2015-01-01,10.02556693168184,2.252627261743041,7.7729396699388
2015-02-01,9.8722811978708,2.083190533395764,7.789090664475036
