Date,Naive_Predicted,Actual,RMSE
1960-01-01,7.153377314932264,5.1609699366200505,1.9924073783122136
1960-02-01,7.186413339187417,5.18574610393267,2.0006672352547463
1960-03-01,7.216458104423818,5.45390317248741,1.7625549319364087
1960-04-01,7.245435568981079,4.94884347322754,2.296592095753539
1960-05-01,7.273326748558353,3.74777730182829,3.525549446730063
1960-06-01,7.299340436314307,3.29648614534536,4.002854290968948
1960-07-01,7.32592856901912,3.5268890757965203,3.7990394932225997
1960-08-01,7.354788271943636,3.70556454559889,3.649223726344746
1960-09-01,7.3817395209133565,4.57793660541414,2.803802915499216
1960-10-01,7.405893151301312,5.02964133508956,2.3762518162117514
1960-11-01,7.427382019969614,4.63327085172033,2.794111168249284
1960-12-01,7.450120923051492,5.02673350774369,2.4233874153078023
1961-01-01,7.474165035499322,4.89482021718561,2.5793448183137118
1961-02-01,7.49770266939034,4.8460260605128,2.6516766088775396
1961-03-01,7.521567107571648,4.7623029721759895,2.759264135395658
1961-04-01,7.547198176308345,4.81268619524073,2.734511981067615
1961-05-01,7.573036021150601,4.51258875796443,3.0604472631861714
1961-06-01,7.599097389954109,4.38050706320893,3.218590326745179
1961-07-01,7.625003023885381,4.37901171458126,3.245991309304121
1961-08-01,7.649533848791645,3.7674533436010202,3.8820805051906246
1961-09-01,7.673606195342669,4.11377900502478,3.559827190317889
1961-10-01,7.696267699916787,3.753836997554,3.9424307023627874
1961-11-01,7.719437999269301,2.8104043479765,4.909033651292801
1961-12-01,7.745458270990761,3.3538175321390797,4.391640738851681
1962-01-01,7.770523899401113,4.17105826024299,3.5994656391581232
1962-02-01,7.792595814901849,4.17319828251385,3.6193975323879988
1962-03-01,7.815342149670956,4.38205075226736,3.433291397403596
1962-04-01,7.837780461321747,4.83498633188741,3.0027941294343377
1962-05-01,7.8588697829052485,5.51185985515312,2.3470099277521284
1962-06-01,7.876827782344374,6.827486498493821,1.049341283850553
1962-07-01,7.889106829344923,6.47182822451888,1.417278604826043
1962-08-01,7.901228226474144,6.52470935552145,1.3765188709526939
1962-09-01,7.914042273598039,6.46807842201797,1.4459638515800686
1962-10-01,7.926842397271181,6.7708602152785495,1.1559821819926315
1962-11-01,7.939096193569204,6.5501446156986205,1.3889515778705839
1962-12-01,7.952493866995204,6.28718597966837,1.6653078873268345
1963-01-01,7.965846813389855,5.93553936842161,2.030307444968245
1963-02-01,7.9800955581138675,5.33693062376707,2.643164934346798
1963-03-01,7.994972114989351,5.14264223292693,2.8523298820624214
1963-04-01,8.009386885776802,4.3887278797796805,3.6206590059971218
1963-05-01,8.027126770847435,3.81264124453937,4.214485526308065
1963-06-01,8.045342375683251,3.5450858712644298,4.500256504418822
1963-07-01,8.064683031437811,3.80775797658754,4.256925054850271
1963-08-01,8.082652848014384,3.14304775292979,4.939605095084593
1963-09-01,8.101396828723722,3.0299155865835403,5.071481242140182
1963-10-01,8.12256570490486,3.34915360195571,4.77341210294915
1963-11-01,8.142551406421903,2.58233365244942,5.560217753972483
1963-12-01,8.161211247957171,1.58805221746098,6.573159030496191
1964-01-01,8.17983299286447,1.33926730124198,6.840565691622491
1964-02-01,8.198444140191752,0.8083923909201599,7.390051749271592
1964-03-01,8.216524301366942,0.9253954388512999,7.291128862515642
1964-04-01,8.234316027949117,0.21808639941738,8.016229628531736
1964-05-01,8.250928834165585,-0.30149969916433,8.552428533329914
1964-06-01,8.266483374296882,-0.27048679423669,8.536970168533573
1964-07-01,8.281287459854305,-1.89450392500539,10.175791384859695
1964-08-01,8.295725081395034,-2.29906801013305,10.594793091528084
1964-09-01,8.308947528676438,-3.5963149282603304,11.905262456936768
1964-10-01,8.321593264245518,-3.6528642143336696,11.974457478579188
1964-11-01,8.33391447365974,-3.43272727812612,11.766641751785862
1964-12-01,8.344939565273668,-3.96805567614091,12.312995241414578
1965-01-01,8.353641375969135,-3.4755937557960803,11.829235131765214
1965-02-01,8.362503585721978,-2.64890220948198,11.011405795203958
1965-03-01,8.370425028574742,-2.21380649323538,10.584231521810121
1965-04-01,8.37844914310172,-2.22651252965739,10.60496167275911
1965-05-01,8.385597006182394,-1.81372001150913,10.199317017691524
1965-06-01,8.39329390496787,-1.08932144798304,9.482615352950909
1965-07-01,8.397285286702164,-1.16709277278281,9.564378059484975
1965-08-01,8.399030012127646,-2.1050276867498,10.504057698877446
1965-09-01,8.40153298157196,-2.58761315240095,10.989146133972909
1965-10-01,8.403765002488141,-2.37788032011569,10.781645322603831
1965-11-01,8.408223186799653,-2.3561836699148597,10.764406856714512
1965-12-01,8.410815651326718,-2.45608214208239,10.866897793409109
1966-01-01,8.412717569831964,-1.77341607901369,10.186133648845654
1966-02-01,8.415994238719545,-1.3016897705553299,9.717684009274874
1966-03-01,8.41861717169752,-0.81990886933697,9.23852604103449
1966-04-01,8.41771215535031,-1.00947336423591,9.42718551958622
1966-05-01,8.417292322368686,-0.60843084754333,9.025723169912016
1966-06-01,8.416289330184611,-0.48535843755380004,8.90164776773841
1966-07-01,8.415331464172963,-0.24684475548130003,8.662176219654263
1966-08-01,8.412798188815183,0.30032157325892,8.112476615556263
1966-09-01,8.408258662166832,0.83725961215932,7.5709990500075115
1966-10-01,8.403812936148043,0.58597346247946,7.817839473668583
1966-11-01,8.399438198628669,0.012934079183079998,8.38650411944559
1966-12-01,8.396869246867372,0.27983091447607,8.117038332391301
1967-01-01,8.394100044890955,-0.23003099633072,8.624131041221675
1967-02-01,8.393135536231664,-0.9335880523184299,9.326723588550095
1967-03-01,8.394632012931181,-1.23251214475457,9.627144157685752
1967-04-01,8.39643907857189,-1.59759493259649,9.99403401116838
1967-05-01,8.39806038244677,-1.81037099513581,10.208431377582581
1967-06-01,8.399074641899272,-1.6593517526992798,10.058426394598552
1967-07-01,8.3992203271485,-1.74668251695804,10.14590284410654
1967-08-01,8.39939076050642,-2.13502055625495,10.534411316761371
1967-09-01,8.401617362200987,-2.41328787929648,10.814905241497467
1967-10-01,8.405377298328585,-2.64164141012711,11.047018708455695
1967-11-01,8.41088419817333,-2.2791959816528,10.69008017982613
1967-12-01,8.416044478799007,-2.58815124930902,11.004195728108026
1968-01-01,8.421911762820688,-2.92678669783916,11.348698460659849
1968-02-01,8.427087592465163,-2.6320637692261397,11.059151361691303
1968-03-01,8.430647261901122,-2.50148949914358,10.932136761044703
1968-04-01,8.433138159066873,-2.80887777353898,11.242015932605852
1968-05-01,8.43754721515984,-2.59576464920555,11.033311864365391
1968-06-01,8.441561893360984,-2.86096205249908,11.302523945860063
1968-07-01,8.445445004090107,-2.88994651085006,11.335391514940167
1968-08-01,8.448370022660376,-2.02599536456709,10.474365387227465
1968-09-01,8.449375282543889,-2.36989169817403,10.819266980717918
1968-10-01,8.450450879542693,-2.93677123627972,11.387222115822413
1968-11-01,8.450901165620213,-3.6643228172882596,12.115223982908471
1968-12-01,8.45093678786165,-3.6194372497889398,12.07037403765059
1969-01-01,8.450547311386481,-2.88721016447751,11.337757475863992
1969-02-01,8.447847099191973,-3.0255130155565397,11.473360114748512
1969-03-01,8.445197137672347,-2.6294536014482497,11.074650739120596
1969-04-01,8.441012811425859,-2.67142145027811,11.112434261703969
1969-05-01,8.436884682221422,-3.2877791186195098,11.724663800840931
1969-06-01,8.433174589397323,-2.61559920870978,11.048773798107103
1969-07-01,8.428185237695937,-2.1122186476369698,10.540403885332907
1969-08-01,8.420854288112654,-1.64423305545108,10.065087343563734
1969-09-01,8.413423090597288,-1.6346310010965301,10.048054091693817
1969-10-01,8.407246008349517,-2.12596026719444,10.533206275543957
1969-11-01,8.40136255997603,-2.2925778303101296,10.69394039028616
1969-12-01,8.395452276770062,-1.41370359892347,9.809155875693532
1970-01-01,8.387121760777703,-1.1477621398428501,9.534883900620553
1970-02-01,8.3789127230572,-0.48549116449231,8.864403887549509
1970-03-01,8.370808239252316,-1.6882974241758602,10.059105663428177
1970-04-01,8.363423669463037,-1.56181912689615,9.925242796359187
1970-05-01,8.354800992199817,0.03291134671612,8.321889645483697
1970-06-01,8.343196398521298,0.6684580177345101,7.674738380786788
1970-07-01,8.330516222005782,1.15743139559907,7.173084826406712
1970-08-01,8.318477056225808,1.10893055109326,7.209546505132548
1970-09-01,8.30694477494924,0.73995040543766,7.566994369511581
1970-10-01,8.297645502706011,0.77786185512358,7.519783647582432
1970-11-01,8.289516139104975,1.18102797955617,7.108488159548806
1970-12-01,8.280443570153649,0.31555751529843,7.964886054855219
1971-01-01,8.272389832375406,-0.16709123430016,8.439481066675567
1971-02-01,8.264050154313209,-0.9586367071483001,9.222686861461508
1971-03-01,8.25563137575705,-0.87534280564596,9.13097418140301
1971-04-01,8.247048259286334,-1.14716032578183,9.394208585068164
1971-05-01,8.238630705207791,-1.2261023454120101,9.464733050619802
1971-06-01,8.229520578197416,-0.9966835847881401,9.226204162985557
1971-07-01,8.220132740355982,-1.23612564954272,9.456258389898702
1971-08-01,8.210786947105921,-1.05667923166085,9.267466178766771
1971-09-01,8.200002156806152,-2.24577441579947,10.445776572605622
1971-10-01,8.190108154017334,-1.89054545665326,10.080653610670595
1971-11-01,8.179392523204623,-1.18648291712324,9.365875440327862
1971-12-01,8.166455202300456,-1.73583700374462,9.902292206045077
1972-01-01,8.154886361747186,-2.6714873596010698,10.826373721348256
1972-02-01,8.145332817139263,-3.0433439385573102,11.188676755696573
1972-03-01,8.135830102941593,-3.5287453923462198,11.664575495287814
1972-04-01,8.126871202343326,-3.1522616565126302,11.279132858855956
1972-05-01,8.119033381223192,-3.0896914942138,11.208724875436992
1972-06-01,8.112840569997372,-3.75913440646755,11.871974976464923
1972-07-01,8.10979470726869,-3.69041667214332,11.80021137941201
1972-08-01,8.105922446080157,-3.96823426517599,12.074156711256148
1972-09-01,8.10219316992318,-2.74370415822574,10.845897328148919
1972-10-01,8.098348194045755,-1.93714234420522,10.035490538250976
1972-11-01,8.095232025081513,-1.96464527480457,10.059877299886082
1972-12-01,8.091613553396776,-1.99361000495763,10.085223558354405
1973-01-01,8.08739760112171,-1.70929714051176,9.79669474163347
1973-02-01,8.0823816145653,-1.10896569389608,9.19134730846138
1973-03-01,8.075996844819256,-0.50631756542042,8.582314410239675
1973-04-01,8.069190917645493,0.06599084043763,8.003200077207863
1973-05-01,8.060671327280064,0.76997385593502,7.290697471345044
1973-06-01,8.050860634248329,1.18665240778284,6.864208226465489
1973-07-01,8.040478664748367,1.11858986483297,6.921888799915397
1973-08-01,8.03074827236179,1.18959062608101,6.841157646280779
1973-09-01,8.019537950069514,1.29162795818476,6.727909991884754
1973-10-01,8.008120049924239,0.99629290667921,7.0118271432450285
1973-11-01,7.99748314022568,1.6454975003629801,6.3519856398627
1973-12-01,7.985147947770607,2.4077050220234,5.577442925747207
1974-01-01,7.970609093838086,2.42294438662571,5.547664707212377
1974-02-01,7.9555720376190475,2.22301865028164,5.732553387337408
1974-03-01,7.939401947920633,1.92050133382453,6.018900614096102
1974-04-01,7.923568976116865,2.4697271508143,5.453841825302565
1974-05-01,7.906214285628803,2.82305605523798,5.083158230390822
1974-06-01,7.88776998453938,2.63903108821164,5.24873889632774
1974-07-01,7.869477928981587,3.83215556718379,4.037322361797797
1974-08-01,7.847634569129267,5.23983758513104,2.6077969839982265
1974-09-01,7.824985679443413,6.580788021937729,1.2441976575056843
1974-10-01,7.799548484326033,6.361215896785439,1.438332587540594
1974-11-01,7.774098678329012,6.18952509985482,1.584573578474192
1974-12-01,7.7492498402880905,6.86608257196788,0.8831672683202108
1975-01-01,7.723326597995107,6.49319145396334,1.2301351440317667
1975-02-01,7.698604919509916,6.0315045360044,1.6671003835055158
1975-03-01,7.675813053587026,5.467849026249301,2.2079640273377255
1975-04-01,7.654077626011593,5.4102054931585295,2.2438721328530633
1975-05-01,7.632409665143898,5.03077420472255,2.601635460421348
1975-06-01,7.6117397971424685,5.0408871619805,2.5708526351619687
1975-07-01,7.592741846825601,5.32700790039371,2.265733946431891
1975-08-01,7.573657239811204,5.8963523143215,1.677304925489704
1975-09-01,7.552616620405636,5.81467708071863,1.737939539687006
1975-10-01,7.530620460377856,5.478083843122071,2.052536617255785
1975-11-01,7.5091734889915065,5.97010097401355,1.5390725149779563
1975-12-01,7.487866022125617,6.654074724163039,0.8337912979625779
1976-01-01,7.466435099357929,5.75552004614769,1.7109150532102388
1976-02-01,7.446564451662506,5.9759385545582395,1.4706258971042665
1976-03-01,7.427791373932425,6.59650765760719,0.8312837163252347
1976-04-01,7.410130345574247,6.8264915193053,0.5836388262689471
1976-05-01,7.392139739356704,6.966340640356659,0.4257990990000451
1976-06-01,7.37508095345713,7.19846534420483,0.17661560925230013
1976-07-01,7.3583566143273185,6.77854120560914,0.5798154087181784
1976-08-01,7.342209689975284,7.11628335415959,0.22592633581569377
1976-09-01,7.327290435490715,6.58168442116924,0.7456060143214751
1976-10-01,7.313569440092552,6.9544710671768595,0.35909837291569247
1976-11-01,7.2993761996334525,7.3741610091351895,0.07478480950173694
1976-12-01,7.284036321485136,7.183943193708201,0.10009312777693502
1977-01-01,7.269321604243521,7.92373673156512,0.6544151273215997
1977-02-01,7.253599691034768,8.93394897560515,1.6803492845703811
1977-03-01,7.2364716832034865,9.43201595783886,2.195544274635374
1977-04-01,7.218791132414429,9.50215626131854,2.2833651289041104
1977-05-01,7.200423661445657,9.52949361660973,2.3290699551640737
1977-06-01,7.181690200621163,9.94754033381055,2.765850133189388
1977-07-01,7.163347789929627,10.17057469131228,3.007226901382653
1977-08-01,7.144900522213504,11.072523406677389,3.9276228844638847
1977-09-01,7.125727131555511,10.840109360941371,3.71438222938586
1977-10-01,7.106059059368188,9.70059401393503,2.594534954566842
1977-11-01,7.086002062517374,8.20694448285066,1.1209424203332867
1977-12-01,7.066771676389714,8.1048218319675,1.0380501555777863
1978-01-01,7.046986998263283,8.971822063712121,1.9248350654488382
1978-02-01,7.0265907330360795,9.477266521704369,2.4506757886682893
1978-03-01,7.0068791932355445,9.836358000947131,2.8294788077115864
1978-04-01,6.987513880216442,9.25189488884892,2.264381008632478
1978-05-01,6.967602515066533,8.49227002526282,1.5246675101962879
1978-06-01,6.948204204388496,9.12427446160417,2.176070257215674
1978-07-01,6.9283475925324485,9.13467085775028,2.206323265217831
1978-08-01,6.908512654949857,8.18158447201311,1.2730718170632533
1978-09-01,6.890499533942766,8.35417319112878,1.463673657186014
1978-10-01,6.871866956010941,9.12731891750973,2.255451961498788
1978-11-01,6.852170895383851,9.55532222395814,2.7031513285742887
1978-12-01,6.831095757683106,9.629254190730279,2.798158433047173
1979-01-01,6.810194691668162,9.60033615161357,2.790141459945408
1979-02-01,6.790838594150904,10.156353988021149,3.3655153938702442
1979-03-01,6.771284108872603,9.93159807436503,3.1603139654924277
1979-04-01,6.752594769488267,10.10617980298147,3.3535850334932036
1979-05-01,6.7338963246077785,10.8400152970846,4.106118972476821
1979-06-01,6.714051422740002,11.04179791658224,4.3277464938422385
1979-07-01,6.6956133780138165,11.287090177119929,4.591476799106112
1979-08-01,6.678240928259081,11.34078443352586,4.662543505266779
1979-09-01,6.661858105456503,11.30555260361936,4.643694498162857
1979-10-01,6.6455585197854745,11.75345005739023,5.107891537604756
1979-11-01,6.6283594633404155,11.66186041560251,5.033500952262094
1979-12-01,6.6109016604174204,11.581447133810329,4.970545473392908
1980-01-01,6.595228603270272,11.01402082141322,4.418792218142949
1980-02-01,6.580135054063423,10.35778271132481,3.7776476572613875
1980-03-01,6.566388699552615,11.78175713323863,5.215368433686015
1980-04-01,6.55036018280751,12.04204269759121,5.4916825147837
1980-05-01,6.534638905075527,11.998882624858789,5.464243719783262
1980-06-01,6.522063029720866,11.66744129574879,5.145378266027923
1980-07-01,6.510762633944831,11.10316674280786,4.592404108863029
1980-08-01,6.5004479302100595,9.79691859901767,3.2964706688076113
1980-09-01,6.490079627557913,9.0057723227128,2.515692695154888
1980-10-01,6.479042911200676,8.43323771458806,1.9541948033873835
1980-11-01,6.468121108411257,8.32776648239526,1.8596453739840033
1980-12-01,6.458011943728933,9.05256609547462,2.5945541517456876
1981-01-01,6.446289702453303,8.999376528357491,2.553086825904188
1981-02-01,6.433692786383296,10.64422441133434,4.210531624951044
1981-03-01,6.419638928030574,10.58547408601895,4.165835157988376
1981-04-01,6.405796457947696,10.74859855654792,4.342802098600224
1981-05-01,6.391491615554269,10.96327145013311,4.571779834578841
1981-06-01,6.377091626970212,10.97245625758118,4.595364630610969
1981-07-01,6.3631788435517995,11.39085753991322,5.027678696361421
1981-08-01,6.3488675356552,11.64852364920596,5.29965611355076
1981-09-01,6.334947334964757,12.645967903323442,6.311020568358685
1981-10-01,6.3188484198601325,12.481013401317021,6.162164981456889
1981-11-01,6.3034750230876355,12.14905586663286,5.845580843545225
1981-12-01,6.289475101704063,12.149326611580449,5.8598515098763855
1982-01-01,6.274502504492405,13.525435079719369,7.2509325752269636
1982-02-01,6.257843305490369,13.671369118165039,7.41352581267467
1982-03-01,6.2405548533638875,13.80266687949665,7.562112026132763
1982-04-01,6.222429992054591,13.25950616870195,7.037076176647359
1982-05-01,6.205069451964652,13.51777288868461,7.312703436719957
1982-06-01,6.187888747812751,14.08243126750017,7.894542519687418
1982-07-01,6.169536306568692,14.30515212015299,8.135615813584298
1982-08-01,6.151378013790216,14.31275985462921,8.161381840838994
1982-09-01,6.132775785336235,13.04857160174579,6.915795816409555
1982-10-01,6.116488666173736,11.95215720640898,5.835668540235244
1982-11-01,6.101738426227986,11.72542550530035,5.623687079072364
1982-12-01,6.086991838109097,11.89690134360594,5.809909505496843
1983-01-01,6.0722462143078815,11.45070153701413,5.378455322706248
1983-02-01,6.058072182696188,11.37872294809714,5.320650765400952
1983-03-01,6.045041204738747,11.15459652345689,5.109555318718143
1983-04-01,6.033151261417224,10.59706013415338,4.563908872736157
1983-05-01,6.022341188190811,10.25041728369018,4.228076095499368
1983-06-01,6.01284323641458,10.171755700388479,4.158912463973899
1983-07-01,6.0041317006228265,10.14482829963423,4.140696599011404
1983-08-01,5.995328922540322,10.60906739376594,4.613738471225618
1983-09-01,5.986685508338057,10.42953585223243,4.442850343894373
1983-10-01,5.978256320635807,10.48168317811664,4.503426857480833
1983-11-01,5.969328070790007,10.623588135321329,4.654260064531322
1983-12-01,5.961593132381371,10.74634707816972,4.784753945788348
1984-01-01,5.955246903612875,10.79876312683869,4.843516223225815
1984-02-01,5.9489504641886555,11.3896717110254,5.440721246836745
1984-03-01,5.9423206922777885,11.16473904524248,5.222418352964692
1984-04-01,5.935177141019435,10.76962112399326,4.834443982973826
1984-05-01,5.929032726143184,10.938875012197501,5.009842286054317
1984-06-01,5.9235354223008745,11.2629945585579,5.339459136257025
1984-07-01,5.917732411109904,11.31938853423488,5.401656123124976
1984-08-01,5.914054145071233,10.6764695039567,4.762415358885466
1984-09-01,5.912867144085424,10.63501794532386,4.722150801238436
1984-10-01,5.914040994485867,10.65557673390629,4.741535739420423
1984-11-01,5.914825511858322,10.45845846160276,4.543632949744437
1984-12-01,5.915306596951136,10.42288377667199,4.507577179720854
1985-01-01,5.916968792711655,10.1602663507621,4.243297558050445
1985-02-01,5.917974416902321,9.9615297703139,4.04355535341158
1985-03-01,5.918172204566262,10.29732942127608,4.379157216709818
1985-04-01,5.917389033821363,10.54959502085612,4.632205987034758
1985-05-01,5.916508506841046,10.63475615535809,4.718247648517044
1985-06-01,5.914973438726456,10.71565193131705,4.800678492590594
1985-07-01,5.913461178732086,10.87620855965088,4.9627473809187945
1985-08-01,5.912448306057926,11.1312213640113,5.218773057953373
1985-09-01,5.912420554348036,11.75911215132323,5.846691596975194
1985-10-01,5.912252321174836,11.699545839275661,5.787293518100825
1985-11-01,5.9115063272262915,11.30360579625291,5.392099469026618
1985-12-01,5.911606832623868,11.13832933132175,5.226722498697881
1986-01-01,5.912878181753216,11.03866339872452,5.125785216971304
1986-02-01,5.912609193487224,10.99405597776628,5.081446784279056
1986-03-01,5.912717264069255,10.20065508737588,4.287937823306625
1986-04-01,5.9138821540071405,9.86214540478656,3.9482632507794193
1986-05-01,5.915434210750844,10.07337068963858,4.157936478887736
1986-06-01,5.917218432193299,9.92715282481846,4.009934392625161
1986-07-01,5.919390037128912,9.71748687483542,3.798096837706507
1986-08-01,5.920843761610266,9.80155292754698,3.8807091659367146
1986-09-01,5.922863085246329,10.31088235866306,4.388019273416731
1986-10-01,5.923974082440129,10.74210452551678,4.818130443076651
1986-11-01,5.925708925848776,10.89262320822423,4.966914282375454
1986-12-01,5.9281432990979965,10.84688733372283,4.918744034624833
1987-01-01,5.930250345901034,10.521712997774289,4.591462651873255
1987-02-01,5.93358951907635,10.30666167005045,4.3730721509741
1987-03-01,5.938606842582252,9.78808838023976,3.849481537657508
1987-04-01,5.944438911222079,9.547154030797241,3.602715119575162
1987-05-01,5.950368440138906,10.54416961724187,4.593801177102964
1987-06-01,5.956323723294433,10.657640898187081,4.701317174892648
1987-07-01,5.962953651218877,10.950345027898202,4.987391376679325
1987-08-01,5.969931463889016,10.33421753377836,4.364286069889345
1987-09-01,5.978379463794294,10.83585202171864,4.857472557924346
1987-10-01,5.986415380979661,12.42782151631709,6.441406135337429
1987-11-01,5.992544388624802,13.79844068422759,7.805896295602787
1987-12-01,5.996192494216608,14.26218669849701,8.265994204280402
1988-01-01,5.9996606345747505,13.823197341745061,7.823536707170311
1988-02-01,6.004541031010116,14.16558931135902,8.161048280348904
1988-03-01,6.010234023617811,14.421543923692301,8.411309900074489
1988-04-01,6.016496092320478,14.94515538637941,8.928659294058932
1988-05-01,6.021782691661211,15.191947926139179,9.170165234477967
1988-06-01,6.025812850443595,14.57054956333074,8.544736712887145
1988-07-01,6.0308592048591665,15.142125977307899,9.111266772448733
1988-08-01,6.03590605307525,14.545422414527632,8.509516361452382
1988-09-01,6.039389297261836,13.816317729335669,7.7769284320738326
1988-10-01,6.043140972940713,13.54781360533008,7.504672632389368
1988-11-01,6.048131552139044,14.98002183797238,8.931890285833337
1988-12-01,6.053797449831806,15.204074375042179,9.150276925210374
1989-01-01,6.059564315542932,15.40282261614802,9.343258300605088
1989-02-01,6.065266041526944,15.05428762996861,8.989021588441666
1989-03-01,6.071843353338027,15.43588922808678,9.364045874748752
1989-04-01,6.078038786277075,15.503405201669501,9.425366415392427
1989-05-01,6.084494140470512,15.09207545662996,9.007581316159449
1989-06-01,6.092102974321095,14.665589177332139,8.573486203011043
1989-07-01,6.100009835251224,14.84937641555732,8.749366580306095
1989-08-01,6.108282690660903,13.875801545657529,7.767518854996626
1989-09-01,6.116614699805592,13.73748080972197,7.620866109916377
1989-10-01,6.1248642036272365,13.59339406589825,7.468529862271014
1989-11-01,6.1337984668871774,14.60558355437451,8.471785087487333
1989-12-01,6.142559262368501,14.63144713868969,8.48888787632119
1990-01-01,6.151165097608125,14.957948186985739,8.806783089377614
1990-02-01,6.158847334138622,14.949605587691849,8.790758253553227
1990-03-01,6.165470260601061,15.05498211022891,8.889511849627848
1990-04-01,6.174314806857183,15.206116521608429,9.031801714751246
1990-05-01,6.183540794106765,14.45448642741518,8.270945633308415
1990-06-01,6.192670059147192,14.455410232536181,8.26274017338899
1990-07-01,6.2012512052860655,14.55014884430765,8.348897639021583
1990-08-01,6.208922434609261,15.70564545635939,9.496723021750128
1990-09-01,6.2145286786161495,16.13032227149107,9.915793592874921
1990-10-01,6.218883192881511,15.83035448252367,9.61147128964216
1990-11-01,6.2223323432268485,15.41975191319529,9.197419569968442
1990-12-01,6.225606735356193,14.522336198855989,8.296729463499796
1991-01-01,6.229996423803581,14.649112480055958,8.419116056252378
1991-02-01,6.234290036368781,13.12398388639966,6.889693850030879
1991-03-01,6.241116560169038,11.707815588530531,5.466699028361493
1991-04-01,6.2478311776742155,11.48066049088081,5.232829313206595
1991-05-01,6.254776806345317,12.227332751167399,5.972555944822082
1991-06-01,6.262031805796454,11.9315518156239,5.669520009827446
1991-07-01,6.269278612645353,11.591094263251819,5.3218156506064656
1991-08-01,6.277145861381555,11.0991402751023,4.821994413720745
1991-09-01,6.285384170872084,9.81340932644538,3.528025155573295
1991-10-01,6.29512472788962,10.19140251591708,3.8962777880274597
1991-11-01,6.304583273261833,10.78517203724971,4.480588763987877
1991-12-01,6.31350613218301,10.895246905515311,4.581740773332301
1992-01-01,6.322402199986968,10.06883892416612,3.7464367241791514
1992-02-01,6.333365720351859,9.75652099875556,3.4231552784037014
1992-03-01,6.3445177011995995,10.39346842654096,4.04895072534136
1992-04-01,6.355835074763024,9.92473008658469,3.568895011821666
1992-05-01,6.366295182481113,9.40228370768159,3.0359885252004775
1992-06-01,6.377114362066897,8.91511606171029,2.5380016996433925
1992-07-01,6.388753813585679,7.48956599860077,1.1008121850150907
1992-08-01,6.400694082524695,7.50521177233505,1.104517689810355
1992-09-01,6.412609844229671,6.954487764106029,0.5418779198763586
1992-10-01,6.422588734090597,6.95463672685392,0.5320479927633226
1992-11-01,6.430891389454438,7.36587144992082,0.9349800604663816
1992-12-01,6.43882922171208,6.92570001637469,0.4868707946626101
1993-01-01,6.44699998836162,6.89205544225497,0.44505545389334955
1993-02-01,6.4544793628738075,5.96008359866011,0.4943957642136976
1993-03-01,6.461828980165184,5.84589498500141,0.6159339951637746
1993-04-01,6.468822672480076,6.58908204128838,0.12025936880830379
1993-05-01,6.474965882988518,7.09717971550787,0.6222138325193525
1993-06-01,6.480575766199071,7.603362047263119,1.122786281064048
1993-07-01,6.486052294291341,7.64915778473942,1.1631054904480793
1993-08-01,6.491472703188143,7.43238863252457,0.9409159293364269
1993-09-01,6.4975638195943235,7.60979634683007,1.1122325272357463
1993-10-01,6.503371754649921,7.7493239381001,1.2459521834501794
1993-11-01,6.5092394706137355,7.91503760691609,1.4057981363023542
1993-12-01,6.515298894273099,8.15754678080959,1.6422478865364907
1994-01-01,6.521521023955299,8.46988855046779,1.9483675265124907
1994-02-01,6.527801849363351,8.574091689351459,2.0462898399881073
1994-03-01,6.534930690802739,8.525798551833901,1.9908678610311625
1994-04-01,6.541709326753601,8.98080685186901,2.4390975251154092
1994-05-01,6.547890484351905,8.52781230578767,1.9799218214357648
1994-06-01,6.55430068074292,8.71658207274506,2.16228139200214
1994-07-01,6.561164665987549,8.5737172821608,2.0125526161732505
1994-08-01,6.568090756043222,8.1315070024978,1.5634162464545787
1994-09-01,6.574062236781469,8.34676666405329,1.7727044272718206
1994-10-01,6.579956221844665,8.35632992767434,1.7763737058296742
1994-11-01,6.5858629182389565,8.91193770790323,2.326074789664273
1994-12-01,6.591467253323419,9.35812392019217,2.7666566668687516
1995-01-01,6.597003982403403,8.9664153638161,2.3694113814126974
1995-02-01,6.602145775142737,8.72089988587272,2.1187541107299834
1995-03-01,6.6069863860867875,8.37050012168041,1.7635137355936221
1995-04-01,6.612296232180586,7.72831598298422,1.116019750803634
1995-05-01,6.6179532706700614,7.54908214365983,0.9311288729897687
1995-06-01,6.6237162590268595,7.46034625581,0.8366299967831408
1995-07-01,6.629578631050197,7.22891264589864,0.5993340148484423
1995-08-01,6.635653924224163,7.18060562370286,0.5449516994786974
1995-09-01,6.642076163423857,6.71119034729692,0.06911418387306334
1995-10-01,6.649375786801746,6.34450961532198,0.30486617147976514
1995-11-01,6.656569761235469,6.58897390429147,0.06759585694399828
1995-12-01,6.663180054315153,6.496255336682689,0.16692471763246353
1996-01-01,6.669536800447265,6.615468706570771,0.05406809387649414
1996-02-01,6.675734143139856,6.0167400392254695,0.6589941039143863
1996-03-01,6.68185074630505,6.19064776461455,0.4912029816904999
1996-04-01,6.686827838725235,6.20512836494946,0.48169947377577493
1996-05-01,6.691312750541706,5.84254181691858,0.8487709336231264
1996-06-01,6.696082930991771,5.40459480031398,1.2914881306777914
1996-07-01,6.700633733659132,5.843108413894741,0.8575253197643917
1996-08-01,6.7048768463752735,5.76172699588211,0.9431498504931639
1996-09-01,6.709226110534223,5.89982956848207,0.809396542052153
1996-10-01,6.714277521821922,5.93963145995295,0.7746460618689719
1996-11-01,6.719918736112811,5.66370380665641,1.0562149294564014
1996-12-01,6.725754686423456,5.74681654788964,0.9789381385338158
1997-01-01,6.731510458277227,5.48229600836782,1.2492144499094069
1997-02-01,6.736796654287682,5.17636525158251,1.5604314027051718
1997-03-01,6.741768611134149,4.91009543678802,1.831673174346129
1997-04-01,6.746005495374908,5.65107359687875,1.0949318984961574
1997-05-01,6.749895979451882,5.0030348621763,1.7468611172755821
1997-06-01,6.75515849489958,4.48739432460616,2.26776417029342
1997-07-01,6.760563595181142,3.9815058756798605,2.7790577195012816
1997-08-01,6.766358590247141,3.53868380152653,3.2276747887206114
1997-09-01,6.771286572213345,3.72705654917298,3.044230023040365
1997-10-01,6.776892869385075,3.8672622302991804,2.909630639085895
1997-11-01,6.784676517659086,3.40917091847767,3.3755055991814165
1997-12-01,6.794324061216952,3.2618370675246,3.532486993692352
1998-01-01,6.80458211429014,2.4993227029100398,4.3052594113801
1998-02-01,6.814209844368952,1.6942273310250802,5.119982513343872
1998-03-01,6.824280227200445,0.83194071987042,5.992339507330025
1998-04-01,6.834673200793458,0.8710108398669301,5.963662360926528
1998-05-01,6.845753094489613,1.0828973340422499,5.762855760447363
1998-06-01,6.857139444873856,0.5449997015311401,6.3121397433427155
1998-07-01,6.867648178005269,-0.55921781873471,7.426865996739979
1998-08-01,6.87890597092949,0.42377678677378,6.455129184155711
1998-09-01,6.889322433488726,0.4553248915591,6.433997541929625
1998-10-01,6.898721341624203,-1.7876654765095201,8.686386818133723
1998-11-01,6.907730951737625,-3.4893972974395497,10.397128249177175
1998-12-01,6.918654214100595,-3.81667681586419,10.735331029964785
1999-01-01,6.929850727831597,-4.41315106295773,11.343001790789327
1999-02-01,6.941285237802335,-5.1036317712709,12.044917009073234
1999-03-01,6.952219203290429,-5.92388358346658,12.87610278675701
1999-04-01,6.963637332529725,-5.17514022966861,12.138777562198335
1999-05-01,6.975115515149536,-4.5803686968187,11.555484211968235
1999-06-01,6.986010763393135,-4.33369527184962,11.319706035242755
1999-07-01,6.9963051044305855,-4.59163368629911,11.587938790729694
1999-08-01,7.006817917430755,-3.47209201276808,10.478909930198835
1999-09-01,7.016001050623572,-3.02749587804969,10.043496928673262
1999-10-01,7.024974988886721,-2.66476233547841,9.689737324365131
1999-11-01,7.033732880989403,-3.13156393685365,10.165296817843053
1999-12-01,7.043815238743579,-3.16992645492846,10.21374169367204
2000-01-01,7.053905174780742,-3.03223938877084,10.086144563551581
2000-02-01,7.064401911848743,-3.01940942691859,10.083811338767333
2000-03-01,7.074859741657554,-2.79436462995652,9.869224371614074
2000-04-01,7.085429440158973,-2.55326189447415,9.638691334633123
2000-05-01,7.096171089737609,-2.85905450788018,9.95522559761779
2000-06-01,7.105891453459772,-3.44988684323145,10.555778296691221
2000-07-01,7.115587388524517,-3.5265021397115395,10.642089528236056
2000-08-01,7.1253825946586185,-3.5469471616875996,10.672329756346219
2000-09-01,7.136672414213487,-3.07667117128989,10.213343585503377
2000-10-01,7.148490613763129,-2.11431941942695,9.262810033190078
2000-11-01,7.15988413590061,-1.7954377618990098,8.95532189779962
2000-12-01,7.170709650680814,-1.12589100071361,8.296600651394424
2001-01-01,7.180332198518738,-0.81823413419265,7.9985663327113885
2001-02-01,7.190095309997872,-0.30405623200556003,7.494151542003432
2001-03-01,7.197841900828684,0.46247634573559004,6.735365555093094
2001-04-01,7.203721918674449,0.6139016245044701,6.5898202941699795
2001-05-01,7.209290849107011,0.01086934960339,7.19842149950362
2001-06-01,7.215816261203317,-0.09261741201780001,7.308433673221117
2001-07-01,7.2219405930921745,0.44659785179834,6.7753427412938345
2001-08-01,7.22760745907163,-0.47214672146069997,7.69975418053233
2001-09-01,7.2326223979524995,0.67289873996547,6.559723657987029
2001-10-01,7.235961061508117,0.643920712841,6.592040348667117
2001-11-01,7.2397794613200155,0.31638813101837,6.923391330301645
2001-12-01,7.244354161417988,0.31054556620513,6.933808595212858
2002-01-01,7.249058920108834,0.78905068108023,6.460008239028604
2002-02-01,7.252687980603119,1.54228890340064,5.710399077202479
2002-03-01,7.255906274970924,1.32139940358819,5.934506871382734
2002-04-01,7.259933954241231,1.70681775400576,5.553116200235471
2002-05-01,7.263350359539107,1.69052596254353,5.572824396995577
2002-06-01,7.266089070612274,2.21537037840957,5.050718692202704
2002-07-01,7.268197800779918,3.7123546768372297,3.555843123942688
2002-08-01,7.2684805187847985,3.91791761921036,3.3505628995744385
2002-09-01,7.268782471914326,4.70807672275339,2.5607057491609364
2002-10-01,7.268382096490367,4.851198970971541,2.417183125518826
2002-11-01,7.267982929353424,3.93084778592571,3.3371351434277146
2002-12-01,7.268107311209292,4.2685327215542,2.999574589655092
2003-01-01,7.26767278418539,4.74403953858399,2.5236332456014
2003-02-01,7.267196716578381,5.67926132155189,1.5879353950264905
2003-03-01,7.265542143011395,5.86177246128232,1.4037696817290746
2003-04-01,7.263747393127692,5.45828504479284,1.805462348334852
2003-05-01,7.262895542935975,5.3484219096966195,1.9144736332393553
2003-06-01,7.262686569635307,4.634469993842201,2.6282165757931066
2003-07-01,7.2631156319497014,4.91512320244629,2.347992429503411
2003-08-01,7.263601219563274,4.986392073794979,2.2772091457682944
2003-09-01,7.263813264051917,4.80619610559223,2.457617158459687
2003-10-01,7.264247370805718,4.83098827621542,2.433259094590298
2003-11-01,7.264855236178267,5.0951445981842705,2.1697106379939965
2003-12-01,7.2656689813231194,4.92622033538778,2.33944864593534
2004-01-01,7.266783828572477,4.53476479357468,2.732019034997797
2004-02-01,7.268285831970599,4.42598385157042,2.842301980400179
2004-03-01,7.2699140188251885,4.87222802562943,2.3976859931957586
2004-04-01,7.271478009526321,4.79138775180507,2.480090257721251
2004-05-01,7.273604040424757,5.24854930284026,2.0250547375844965
2004-06-01,7.275162063114648,5.29693897626046,1.9782230868541877
2004-07-01,7.276950425409476,5.67984861036627,1.5971018150432057
2004-08-01,7.2785573236210634,5.8056338623077,1.4729234613133633
2004-09-01,7.2796129544117525,5.71611617416787,1.5634967802438826
2004-10-01,7.2809320566486395,5.50411882830355,1.7768132283450893
2004-11-01,7.282259708341264,5.66035617007723,1.6219035382640339
2004-12-01,7.284269175665014,5.46433381714257,1.8199353585224438
2005-01-01,7.286823183971082,5.56181163034623,1.725011553624852
2005-02-01,7.288889103011481,5.69519220246994,1.5936969005415413
2005-03-01,7.290648330017454,5.74772206871643,1.542926261301024
2005-04-01,7.291973301540967,6.14817757626526,1.143795725275707
2005-05-01,7.292508035219206,6.04584004668793,1.246667988531276
2005-06-01,7.292822079415584,5.73956195207783,1.5532601273377535
2005-07-01,7.2930268766972395,5.58988164398452,1.7031452327127194
2005-08-01,7.292948593143152,5.36713310733487,1.9258154858082825
2005-09-01,7.292811589521882,4.996802399340701,2.2960091901811817
2005-10-01,7.292103159263388,5.74823595004223,1.5438672092211583
2005-11-01,7.290950369063944,5.58018090351664,1.7107694655473047
2005-12-01,7.29009742074709,5.23292868934852,2.05716873139857
2006-01-01,7.289134020159632,4.44690157548457,2.842232444675062
2006-02-01,7.28831745614316,4.40345535412995,2.8848621020132095
2006-03-01,7.286778016171104,4.90738770319783,2.3793903129732747
2006-04-01,7.2854525866045305,5.15635443303439,2.1290981535701405
2006-05-01,7.284147847206397,5.21689604023682,2.067251806969577
2006-06-01,7.282408877326676,5.60403298919809,1.6783758881285866
2006-07-01,7.280146450727866,5.91955006262614,1.360596388101726
2006-08-01,7.278417163078247,5.81686874075553,1.4615484223227169
2006-09-01,7.276594218165753,5.4290515744344,1.8475426437313534
2006-10-01,7.274941439474656,4.931731244385349,2.3432101950893065
2006-11-01,7.273340348372112,4.84974079173683,2.423599556635282
2006-12-01,7.271412639938919,5.04493547699509,2.226477162943829
2007-01-01,7.269588960402976,5.093299693814,2.1762892665889764
2007-02-01,7.267453604426828,5.21733038014484,2.0501232242819887
2007-03-01,7.264958272263531,5.75149553665643,1.513462735607101
2007-04-01,7.2621515227576,5.34004999617183,1.9221015265857702
2007-05-01,7.260233572845839,5.22068436002409,2.0395492128217487
2007-06-01,7.2575496266976,5.38065470688235,1.8768949198152498
2007-07-01,7.254259656030032,5.42842748564365,1.8258321703863825
2007-08-01,7.250377385827956,5.85695348184871,1.3934239039792455
2007-09-01,7.245979644614329,5.6832789146238705,1.5627007299904587
2007-10-01,7.241815238584221,5.68610103679492,1.5557142017893009
2007-11-01,7.237826405241095,6.43827863847303,0.7995477667680646
2007-12-01,7.233306150829331,6.609052562655799,0.6242535881735316
2008-01-01,7.228622814646188,7.84918940401908,0.620566589372892
2008-02-01,7.223052378707747,7.685881821312369,0.46282944260462244
2008-03-01,7.2165478786516495,8.04868574665016,0.8321378679985099
2008-04-01,7.209045402554374,7.44250375074966,0.23345834819528566
2008-05-01,7.201606394851692,7.4248898963235,0.22328350147180842
2008-06-01,7.1944332306537895,8.20913522187174,1.014701991217951
2008-07-01,7.1866470087227325,9.117276894396339,1.9306298856736062
2008-08-01,7.177587517696467,9.10398682969186,1.9263993119953922
2008-09-01,7.169697551889314,9.80242779243354,2.6327302405442268
2008-10-01,7.161862811328835,11.73446206857302,4.5725992572441845
2008-11-01,7.1514321256786735,12.32877349303918,5.177341367360506
2008-12-01,7.13904466418494,11.64697970260033,4.50793503841539
2009-01-01,7.126305453161627,11.9903801413137,4.8640746881520736
2009-02-01,7.112903064641163,13.41972856157924,6.306825496938076
2009-03-01,7.098730750446369,14.27020431462029,7.171473564173922
2009-04-01,7.0836408149493675,13.33289585355743,6.249255038608062
2009-05-01,7.06945241096254,12.44007754089771,5.37062512993517
2009-06-01,7.0559844096818685,12.37353171075956,5.317547301077691
2009-07-01,7.042832354622364,12.61728579402776,5.574453439405396
2009-08-01,7.029413131968475,11.41228756118684,4.382874429218365
2009-09-01,7.017314623737211,11.35025457162959,4.3329399478923785
2009-10-01,7.00575557828061,11.07309735915176,4.06734178087115
2009-11-01,6.9946400404487035,11.33939360586264,4.344753565413936
2009-12-01,6.983014088695199,11.35690119985968,4.373887111164481
2010-01-01,6.971370808255263,11.56869295242009,4.597322144164827
2010-02-01,6.959911919140685,11.88342224740137,4.923510328260685
2010-03-01,6.948493931330549,8.99958318527729,2.051089253946741
2010-04-01,6.937359235831935,9.1157985758824,2.1784393400504642
2010-05-01,6.926525193445741,10.41743678165152,3.4909115882057797
2010-06-01,6.915367177822792,11.44570537786624,4.530338200043448
2010-07-01,6.903561649325009,11.79078523833712,4.887223589012112
2010-08-01,6.891695820213476,12.31610721901454,5.424411398801064
2010-09-01,6.879833725915862,11.864716983627451,4.984883257711589
2010-10-01,6.868532358268636,11.56499808974365,4.696465731475014
2010-11-01,6.858347719064899,11.73463406182546,4.876286342760561
2010-12-01,6.848547282506616,11.801886562262789,4.953339279756173
2011-01-01,6.839526424720169,11.73505650585402,4.895530081133852
2011-02-01,6.830873587930437,11.6571821620756,4.826308574145163
2011-03-01,6.822820619736378,11.90302059269932,5.080199972962943
2011-04-01,6.815649994850244,12.29223287703975,5.476582882189506
2011-05-01,6.808666043982737,12.26633622404484,5.457670180062103
2011-06-01,6.801019478522243,12.77175373475465,5.970734256232407
2011-07-01,6.79327381909467,12.7238653575799,5.9305915384852295
2011-08-01,6.786150725977615,14.223025185387051,7.436874459409436
2011-09-01,6.778013621215912,14.29011968624729,7.512106065031379
2011-10-01,6.771176986410481,13.88407291884095,7.112895932430469
2011-11-01,6.764323232189486,14.14713541041896,7.382812178229473
2011-12-01,6.757118835428401,13.938028915548358,7.180910080119957
2012-01-01,6.749923999190429,13.126854152476032,6.376930153285603
2012-02-01,6.7432786554690125,12.28217666892272,5.538898013453707
2012-03-01,6.737486907415484,11.79926085057958,5.061773943164097
2012-04-01,6.731462338445709,11.78816548693031,5.056703148484601
2012-05-01,6.725879400018554,11.08894374056459,4.363064340546035
2012-06-01,6.720290772451989,10.669827465301559,3.94953669284957
2012-07-01,6.715296403944182,10.38592624549996,3.670629841555778
2012-08-01,6.7119708870813835,10.77353723690244,4.061566349821057
2012-09-01,6.708880120192145,9.63805834479345,2.929178224601305
2012-10-01,6.706669287708787,9.26938274568123,2.5627134579724435
2012-11-01,6.704621307226738,10.10879063691003,3.404169329683292
2012-12-01,6.7015631225285,9.87718287052188,3.1756197479933794
2013-01-01,6.698883573628749,9.51355801015421,2.8146744365254603
2013-02-01,6.69673303013585,9.62866850892665,2.931935478790799
2013-03-01,6.695614929357187,9.04093591659696,2.3453209872397727
2013-04-01,6.694699624781912,9.24446022394058,2.5497605991586676
2013-05-01,6.693343907040696,8.8287021832289,2.135358276188204
2013-06-01,6.691870827087418,9.46871062073071,2.7768397936432914
2013-07-01,6.689619841493057,9.517707137200079,2.8280872957070216
2013-08-01,6.6876805009039355,9.34569135632263,2.658010855418695
2013-09-01,6.685823199127616,9.09699270782677,2.411169508699154
2013-10-01,6.683773442209911,8.50949373395795,1.8257202917480386
2013-11-01,6.681755157715363,8.58640968739476,1.9046545296793962
2013-12-01,6.680028704440574,8.980865249517821,2.3008365450772468
2014-01-01,6.678122390995951,9.16995500597082,2.491832614974869
2014-02-01,6.6757951840497824,9.60685840088559,2.931063216835808
2014-03-01,6.673355041606746,9.66601507548554,2.992660033878793
2014-04-01,6.671403658057476,9.52613746398405,2.854733805926574
2014-05-01,6.669369008808284,9.65180286425031,2.982433855442026
2014-06-01,6.667832987504535,9.70597897578096,3.0381459882764252
2014-07-01,6.66635254040816,9.78401428107262,3.1176617406644604
2014-08-01,6.665288350623864,9.69656427765064,3.031275927026777
2014-09-01,6.664361998804558,9.78846295592641,3.1241009571218514
2014-10-01,6.663341282093431,10.38493219980498,3.7215909177115494
2014-11-01,6.662094806336668,9.989892401571481,3.327797595234813
2014-12-01,6.661018824987302,10.01442187939432,3.3534030544070177
2015-01-01,6.659734828197769,10.02556693168184,3.3658321034840712
2015-02-01,6.658558061640587,9.8722811978708,3.2137231362302128
